zeit,welle,art,wort,anzahl_coins,coins,groesster_symbol,groesster_mint,holder,entscheidung,grund,preis_usd,vielfaches,hoch_vielfaches,meta_treffer,meta_minuten,meta_rang
2026-10-07 17:26:12,EVE_1791393972,start,EVE,3,EVE:C4gMNS4E EVE:7fsfftBT EVE:BhFkxL9t,EVE,C4gMNS4E5T8tetXfYQUBKaxGHncufc3ihPb3BW2fP5hU,918,offen,,3.62876269375e-05,1.0000,1.0000,,,
2026-10-07 21:11:20,FROGE_1791407480,start,FROGE,3,FROGE:BnzTnY3A FROGE:8tEZkrFK FROGE:741SN8aD,FROGE,741SN8aDiapWEhB6x5fpiH7wyd5inpgEBEzez2X1xmLm,477,offen,,4.94509172325e-05,1.0000,1.0000,,,
2026-10-07 21:30:04,ALT_1791408604,start,ALT,3,Alt-coin:2RWsFXQu Alt-coin:DaPgSXA5 ALT-COIN:3He1dqys,ALT-COIN,3He1dqysq91ad1SrMmF9xgCattzNtwAwdHiKifEkkeYV,614,offen,,0.000134509382477,1.0000,1.0000,,,
2026-10-07 22:35:55,HUMAN_1791412555,start,HUMAN,3,HUMAN:CT3YKWjg HUMAN:89QZtKeV HI:EtVFMDoB,HI,EtVFMDoBan32EvhhvaEiPJzsRZuyFiK9J1aqj8kTpump,411,offen,,5.6192959002e-05,1.0000,1.0000,,,
2026-10-07 23:26:13,EVE_1791393972,ende,EVE,3,EVE:C4gMNS4E EVE:7fsfftBT EVE:BhFkxL9t,EVE,C4gMNS4E5T8tetXfYQUBKaxGHncufc3ihPb3BW2fP5hU,918,abgelehnt,DEV_VERDAECHTIG,8.86802223562e-06,0.2444,1.1071,,,
2026-10-07 23:57:59,CAP_1791417479,start,CAP,3,cap:6VCq9z9X GIF:DZaQRdmP GIF:7q3AVPhV,GIF,DZaQRdmPHNaqNsMVqRU8P4q5f2mErab4GipPghowFvaz,716,offen,,9.10146152271e-05,1.0000,1.0000,,,
2026-10-07 23:57:59,GIRAFFE_1791417479,start,GIRAFFE,3,cap:6VCq9z9X GIF:DZaQRdmP GIF:7q3AVPhV,GIF,DZaQRdmPHNaqNsMVqRU8P4q5f2mErab4GipPghowFvaz,716,offen,,9.10146152271e-05,1.0000,1.0000,,,
2026-10-07 23:57:59,WIF_1791417479,start,WIF,3,cap:6VCq9z9X GIF:DZaQRdmP GIF:7q3AVPhV,GIF,DZaQRdmPHNaqNsMVqRU8P4q5f2mErab4GipPghowFvaz,716,offen,,9.10146152271e-05,1.0000,1.0000,,,
2026-10-08 03:11:39,FROGE_1791407480,ende,FROGE,3,FROGE:BnzTnY3A FROGE:8tEZkrFK FROGE:741SN8aD,FROGE,741SN8aDiapWEhB6x5fpiH7wyd5inpgEBEzez2X1xmLm,477,abgelehnt,DEV_VERDAECHTIG,1.24421176709e-05,0.2516,1.0000,0,,
2026-10-08 03:30:16,ALT_1791408604,ende,ALT,3,Alt-coin:2RWsFXQu Alt-coin:DaPgSXA5 ALT-COIN:3He1dqys,ALT-COIN,3He1dqysq91ad1SrMmF9xgCattzNtwAwdHiKifEkkeYV,614,abgelehnt,DEV_VERDAECHTIG,1.37881148183e-05,0.1025,1.9633,0,,
2026-10-08 04:14:21,SAM_1791432861,start,SAM,3,sam:7Xy6BbUP sam:8uWPrMDL sam:FfcawCa6,sam,8uWPrMDLzZAxXtTKfsAp3JQ4JwvLgTQArSUoF45QhuPR,729,offen,,0.000102356284092,1.0000,1.0000,,,
2026-10-08 04:35:57,HUMAN_1791412555,ende,HUMAN,3,HUMAN:CT3YKWjg HUMAN:89QZtKeV HI:EtVFMDoB,HI,EtVFMDoBan32EvhhvaEiPJzsRZuyFiK9J1aqj8kTpump,411,abgelehnt,STORY_ZU_ALT,7.56622117861e-06,0.1346,1.1903,0,,
