art,zeit,trader,aktion,symbol,mint,trader_signatur,unser_sol,pnl_sol,behandlung
doppelter_verkauf,2026-10-01 19:15:27,HEBO,VERKAUF,BUCK,AfqLJuo9Atmm64SxWYXbjCF4zGdGejVLhhWDzXi8jree,2Bv3GYj1oExK2kne3cGA3EXvxgbhdbNj9Dg9eXNvTco4WgfthHPLgWEmvhSVgFfp6ng7ikSenF15TiKu1hFDz4rY,0.127268,-0.074742,"2. Ausfuehrung derselben Trader-Signatur; Zeile ignorieren, Position aus Trader-Vergleich nehmen"
doppelter_verkauf,2026-10-01 19:17:41,4DOV,VERKAUF,Saw,9twiuSdTVkwtAC9XQDG57dFRhF4iqPih461HJfMZKci9,3GYvUo5REWuyRoPDgVgFeizjLnkxWKfhSFMioKx1pQiTpFgWpksuqKgUdWXWMg7iV6wWoumZhR95Pw56T3C1zq16,0.004343,,"2. Ausfuehrung derselben Trader-Signatur; Zeile ignorieren, Position aus Trader-Vergleich nehmen"
doppelter_verkauf,2026-10-02 12:13:26,922M,VERKAUF,Agency,7VertkgF9KLhxxJXHX6uaWuoYZTP9LdGj2bWmVXVpump,4JzeZiyXUnzUMfPQj5y9V3btAHrQud3w52PsaDxT5QUdq5XmXtAw8HLvZtfRp4S19yCLY3VqdEfnrzNF4B4WpxQK,0.007642,,"2. Ausfuehrung derselben Trader-Signatur; Zeile ignorieren, Position aus Trader-Vergleich nehmen"
doppelter_verkauf,2026-10-02 12:13:34,922M,VERKAUF,Agency,7VertkgF9KLhxxJXHX6uaWuoYZTP9LdGj2bWmVXVpump,4wXDDt3BH2hU2Xrn7EHAVzmcKfFVF1NQfGnWz16Q6DS4z2xfcePPPn2o88RY67RSV5ro67Pvz35W1XSu1h92Tb64,0.006234,,"2. Ausfuehrung derselben Trader-Signatur; Zeile ignorieren, Position aus Trader-Vergleich nehmen"
doppelter_verkauf,2026-10-02 12:13:36,922M,VERKAUF,Agency,7VertkgF9KLhxxJXHX6uaWuoYZTP9LdGj2bWmVXVpump,5tuGDtfit3HGZ1S1GjuMc681c4CcUtVVWKqCiBgUMN3vVjMjNprWCy9wAFVguZyZgTBJwmrtFzvbqzbzNt9SqHLi,0.006965,,"2. Ausfuehrung derselben Trader-Signatur; Zeile ignorieren, Position aus Trader-Vergleich nehmen"
doppelter_verkauf,2026-10-02 12:13:37,922M,VERKAUF,Agency,7VertkgF9KLhxxJXHX6uaWuoYZTP9LdGj2bWmVXVpump,5bqraZdhuVkXz8qnP7YQEZELXHcXNKwSB25gg3CpBzqVPjno57LczSB1YpT2ioBiWoYY13NU2o4PVZJyPh9LXEZQ,0.001594,-0.036469,"2. Ausfuehrung derselben Trader-Signatur; Zeile ignorieren, Position aus Trader-Vergleich nehmen"
doppelter_verkauf,2026-10-02 19:15:28,922M,VERKAUF,CATGPT,CNohWHNTurS7PpB55czspwUJfpk9yy92uf1wXdweEGg9,3bbuzhPj6Dav6GXCPkLsJ5tMj2g8ZzKCjUk1UBJ3FzRmy7owbkDCeizHSC8PushmP7HBqtu9watWLcAd2bxZfCvi,0.262417,,"2. Ausfuehrung derselben Trader-Signatur; Zeile ignorieren, Position aus Trader-Vergleich nehmen"
doppelter_verkauf,2026-10-02 19:15:30,922M,VERKAUF,CATGPT,CNohWHNTurS7PpB55czspwUJfpk9yy92uf1wXdweEGg9,4WmS2L3g8Tht5rNBDcisTYQ3xeGzgnUC13CBG9GgxHLfCWZo1HiiaheJiSBUCcpoFVDdwkjVgByDX1J6coLkEdQn,0.156270,,"2. Ausfuehrung derselben Trader-Signatur; Zeile ignorieren, Position aus Trader-Vergleich nehmen"
doppelter_verkauf,2026-10-02 19:15:32,922M,VERKAUF,CATGPT,CNohWHNTurS7PpB55czspwUJfpk9yy92uf1wXdweEGg9,LVMhjfTrTK5pbuuarZQ7qm4Tu52zsRMkSomL7Rs2D7hYtqbvKkg1FxPvknbX9sySFFUAK9L88tgb7vCh2uXcCsH,0.127182,,"2. Ausfuehrung derselben Trader-Signatur; Zeile ignorieren, Position aus Trader-Vergleich nehmen"
doppelter_verkauf,2026-10-02 19:15:35,922M,VERKAUF,SGI,68RUKJSkhT7Z9itn2tUhCzR7t2pbBahqjgG8qbkB5Dux,3ynFUyX6bDLzqYBWhhfmdshfQwVEHt5bphjez6yx8zuX9XbQ6avyqGKHm1f1qa5hVECN6RT9CAvBzYqgy4Ee8YQt,0.124701,,"2. Ausfuehrung derselben Trader-Signatur; Zeile ignorieren, Position aus Trader-Vergleich nehmen"
doppelter_verkauf,2026-10-02 19:15:38,922M,VERKAUF,CATGPT,CNohWHNTurS7PpB55czspwUJfpk9yy92uf1wXdweEGg9,kmkGDQ66mpVWF4RNNDr9oHJRJgVHbHRKZm3TgKUAue3kRudJqZpPZnBuzPsBtikyuUtbMpkR1WDzzH1a4tPnrWD,0.119154,,"2. Ausfuehrung derselben Trader-Signatur; Zeile ignorieren, Position aus Trader-Vergleich nehmen"
doppelter_verkauf,2026-10-02 19:15:39,922M,VERKAUF,CATGPT,CNohWHNTurS7PpB55czspwUJfpk9yy92uf1wXdweEGg9,4Vuckr11xysSp1YMxv28KBm1JmPhAnG3w1tsozYa5gCPU6MUuFcuUNPuisCTmgmJ8Z2KUMi9pjAe9GyLPPzaRCLw,0.021856,-0.239681,"2. Ausfuehrung derselben Trader-Signatur; Zeile ignorieren, Position aus Trader-Vergleich nehmen"
doppelter_verkauf,2026-10-02 19:15:56,922M,VERKAUF,SGI,68RUKJSkhT7Z9itn2tUhCzR7t2pbBahqjgG8qbkB5Dux,2STe2B3nL6g3MsDTyAaEVRNGhCRVxtazNUYikR1LU8eEhG5ecqx6YfdsFezwXhPixKAu2hzCEMUDBPTQtDs6eWcs,0.007893,,"2. Ausfuehrung derselben Trader-Signatur; Zeile ignorieren, Position aus Trader-Vergleich nehmen"
doppelter_verkauf,2026-10-02 19:16:11,922M,VERKAUF,SGI,68RUKJSkhT7Z9itn2tUhCzR7t2pbBahqjgG8qbkB5Dux,2KxrNDDJtVFQbbtEDM5uhnS1NqijRJcsvKq2yRg7onAV53mcdnhVtJsMNNQoXGAxkwjDbiaJNJM4uncjWpgeXzZX,0.004632,-0.075515,"2. Ausfuehrung derselben Trader-Signatur; Zeile ignorieren, Position aus Trader-Vergleich nehmen"
doppelter_verkauf,2026-10-02 19:16:44,922M,VERKAUF,SI,9aqmJjCnnMQv42TXLk921ceUkN35nea2QP969n1caqjj,3fw77LjdzoUubSCrggQEkPxxngERGWMRrwDEc75GgZs7ePfjnqQE9qRXW86TSHvbWEFXME7cebZ15jT3UthfHDF9,0.035652,,"2. Ausfuehrung derselben Trader-Signatur; Zeile ignorieren, Position aus Trader-Vergleich nehmen"
falscher_verpasst_kauf,2026-10-01 19:13:15,6ANG,VERPASST_KAUF,,5ptkVdbpaPpEJPPVXE5CpJNCXEmAidyot5TQcDDawMzm,3vEvZTjGZep9xjGbMXcGHw5NBoUENXU8LDYRVsuVuU9kncZG54eKUV7nrh3yDHNDW9JmvSZA3JhFkf2txNmnBo9g,,,Kauf wurde verarbeitet (KAUF); Zeile ignorieren
falscher_verpasst_kauf,2026-10-01 19:13:15,6ANG,VERPASST_KAUF,,8yr27t6GQiSFzh7VQHHCFjHuVL6fDtLEJVxv6M3pump,5kXXLYLn4EZGd4rBtjfFvrrRGfAdsyL4U3UYQrQNuG6aELcbfScx88pGx2CXPe3gkMvEGAV75QUDnuUudLJ1mmGr,,,Kauf wurde verarbeitet (KAUF); Zeile ignorieren
falscher_verpasst_kauf,2026-10-01 19:13:16,6ANG,VERPASST_KAUF,,E6RSztQjhFAT3t65TxZyEFZQVVcjZzW3hGNy44SCjTFm,5349GpbDXKoQTcLu5Y9ya9VRDvTEdNmspGdyVY43H6PTvFNohQSC1BArBHjBv82oqpF4MuS9W9owJBVfkxxhaT5v,,,Kauf wurde verarbeitet (AUSGELASSEN); Zeile ignorieren
falscher_verpasst_kauf,2026-10-01 19:13:17,6ANG,VERPASST_KAUF,,HpU9QTL6mYj6g7f6GC32BbaKGGUjWFMEWdvkvTAS363P,5Mr4t936HoN1hKkwefE3EXRmNV6v61W2BpLLjgzsMbrfjyPMy4HgSRTKKaSHXepzcG4WELUXS9jPETx8kwAVd8mK,,,Kauf wurde verarbeitet (AUSGELASSEN); Zeile ignorieren
falscher_verpasst_kauf,2026-10-01 19:13:17,6ANG,VERPASST_KAUF,,5HpB4gU9M7xtHC2fLK1FXP7UuDQUvJTRD6guwPKPJUGi,3DuZtPHgin1yXexd2K4aQW9sX4aB1KuEDCatchoWaPJVUzPN5DRkxnZ6ye19ehdG9BaXaWcXgo8QSTtJA4nKPmue,,,Kauf wurde verarbeitet (KAUF); Zeile ignorieren
falscher_verpasst_kauf,2026-10-01 19:13:18,6ANG,VERPASST_KAUF,,EQAmyEN6aCJqXMQB38m94o3uS8UFa6cbWRmyeJJWpump,29AUsdCa6BYZdrQzdzVUMqtP39Khz4Zb75CQbdjbpJzMxZv3B3YSLHCc2whiKSxzUiN8cvDhau3wJiPzN3MESxcY,,,Kauf wurde verarbeitet (AUSGELASSEN); Zeile ignorieren
falscher_verpasst_kauf,2026-10-01 19:13:19,6ANG,VERPASST_KAUF,,JE3HT7SbCgXDQWV6xp3oiiAisDzq4HyZ8wyEVBDCs45Z,aZvtvmxwsWstoTWBPN45kmgYh4ncxh1mLv1fZtaNu7NiCq8oHMXJDJ85AYUahQkjxqZszaeycxjn2uwtY3jFLEK,,,Kauf wurde verarbeitet (KAUF); Zeile ignorieren
falscher_verpasst_kauf,2026-10-01 19:13:20,6ANG,VERPASST_KAUF,,DEW9dSN6QpWyNthphCpMmAbZP1Q4cEKR9xQXAri98WDP,3Pic3WXZF9RXHAjdLrbfPc8ZJdiTT98NFR62kwhK2TaP216P6QN5oUD9ECpD9QkvWryxfwadX2uyMafWuUUm9HKQ,,,Kauf wurde verarbeitet (KAUF); Zeile ignorieren
falscher_verpasst_kauf,2026-10-01 19:13:20,6ANG,VERPASST_KAUF,,GNtfoB3ReuE2mGPxdofm8fLCVGBv34cZfmWmMQgLpump,4N9crJbnZXcfQ3SLU3K5YaztGahUEztJoECbJwPv4aH1F97bqoiPuawJ5184b5nZj4RJgQbMaZUnjtMHgKCrVwcy,,,Kauf wurde verarbeitet (AUSGELASSEN); Zeile ignorieren
falscher_verpasst_kauf,2026-10-01 19:13:21,6ANG,VERPASST_KAUF,,39HaRhWURvGUf7MCbQLqk2vbxZ3Unv8vQWWAoXwNpump,EecRtjHassdr5jX8mJd7EU3sbzzfP4nuZtB7JXk3juR1XvfePCgtfD14jfANM94zfGLgdU4MnhQEhAe6iDqY5Za,,,Kauf wurde verarbeitet (AUSGELASSEN); Zeile ignorieren
falscher_verpasst_kauf,2026-10-01 19:13:22,6ANG,VERPASST_KAUF,,pdKkijKQVk6mx4sAc9asLQ5dMLkax42pykfeFDhb5p4,5CjNJRVHzMVGMckhyaiPSqatipAyhxrnuZJDQn4PiknpkVRba3wiU7FVXSbHmrcpLjzR6sNM2K4AxeiASm9bKqpo,,,Kauf wurde verarbeitet (AUSGELASSEN); Zeile ignorieren
falscher_verpasst_kauf,2026-10-01 19:13:22,6ANG,VERPASST_KAUF,,pdKkijKQVk6mx4sAc9asLQ5dMLkax42pykfeFDhb5p4,27ZB414m2fyVhLjFAzuaKnbqMxbB9QfNos4fE3SfrWJVCUDnuthiXDcAyBqNVCb7a4en6fPozUB6oAJsZQ8FsTRd,,,Kauf wurde verarbeitet (AUSGELASSEN); Zeile ignorieren
falscher_verpasst_kauf,2026-10-01 19:13:23,6ANG,VERPASST_KAUF,,2PwtW1EEV29FrUsK8KthQXMG5x8huycUD3AKYgpTAC5N,2uywJqX1oS9MV31RDvQ2DvmbesmQaSqKYRqD9PgW5dp7e93Dd7hu2cNPw24SsmUXtRLGqhFAwZcXtxhvK4NiwByG,,,Kauf wurde verarbeitet (KAUF); Zeile ignorieren
falscher_verpasst_kauf,2026-10-01 19:13:24,6ANG,VERPASST_KAUF,,2PwtW1EEV29FrUsK8KthQXMG5x8huycUD3AKYgpTAC5N,uATSRUaZD6XP4tK1huqQ4ToZYyiRNTm5xtJ3tXZUcN5Sxbk8q6fHMQQNeAD87gR1UAL3b6FbFhAuzFpaDCvkKmT,,,Kauf wurde verarbeitet (AUSGELASSEN); Zeile ignorieren
falscher_verpasst_kauf,2026-10-01 19:13:27,6ANG,VERPASST_KAUF,,4MaQj8H8SfRxaxXWbLNdvayuUU4Kd1gigZsxy4QWurBT,3ENG99pqVuct21VhrudvXe8MP6PavZfcCviXfeikNvMKDpgtwkAd37dx4wFsCAMKSSAfiwC9QavrXeWc1bfRM9cX,,,Kauf wurde verarbeitet (KAUF); Zeile ignorieren
falscher_verpasst_kauf,2026-10-01 19:13:28,6ANG,VERPASST_KAUF,,qntUzPUsJ51abNP7VYNxkmsQ4RnvEZAhavUxsCxpxH4,s1zk5zbEsAtHhkumCqr66EaF23hVAyBUjzvtREmjDAJamECedwk2unkxYfFyzYnxnzroJtGfuk6uYyqBrUUeiHG,,,Kauf wurde verarbeitet (KAUF); Zeile ignorieren
falscher_verpasst_kauf,2026-10-01 19:13:28,6ANG,VERPASST_KAUF,,9uTekAxmx4rqBcR3iGkKmaBwVWMmi7TXEU41frBdBAGS,cBT72nv48E9UfcrkjDRnX7dEH2V1XCjSg7MGFx1xofY6ZqPyHBvE1FrWuvkc2Nz7Cb6Y6a19s5ghGhDQKWfkaPp,,,Kauf wurde verarbeitet (AUSGELASSEN); Zeile ignorieren
falscher_verpasst_kauf,2026-10-01 19:13:29,6ANG,VERPASST_KAUF,,4T4WTEV7vCa1WeaKoHiqus4v9J8GfkuHYPDUas8wpMZx,2wug8Sr2dwCYP9NxyFgiwf4NoHQEur1RTNyHdW5rXgm8DnTcWvN56mNMVb1ESEuJSneZFLeP4ria2n1vYuXJLbky,,,Kauf wurde verarbeitet (KAUF); Zeile ignorieren
falscher_verpasst_kauf,2026-10-01 19:13:30,6ANG,VERPASST_KAUF,,8UFTUH7j2iujEw91FjfaQSLEyqwMzjrJJLSfnM3Mq5aN,31CJgxQy77myC7FYqArbWMnRmSFuJa3cdtVEhPeRPAmGdfNtsVkspUnd48M3JjfhwwEcttu5fEMVH7hgUpHPLnYF,,,Kauf wurde verarbeitet (AUSGELASSEN); Zeile ignorieren
falscher_verpasst_kauf,2026-10-01 19:13:30,6ANG,VERPASST_KAUF,,8UFTUH7j2iujEw91FjfaQSLEyqwMzjrJJLSfnM3Mq5aN,yu2K7kmNfKUQoxVUE2PM9ChzU44TkNRFhB8G8DrDRV2Gfz9Up4PQMiikyDKsHBJXeNWuZRrX8LiRtNFJJT5NDfv,,,Kauf wurde verarbeitet (KAUF); Zeile ignorieren
falscher_verpasst_kauf,2026-10-01 19:13:32,6ANG,VERPASST_KAUF,,DzwaviNJFWXtkwv2bU5gfj5QgSr1we6YStjxxcogXLDu,2RPCbHx46n1AbT7PjGYp8KQ53mwHHLY4ZAq4xbtpH3HSWtb43i9U2JcZgvhz5bv4C3GWLHyxVvX9XjkPFFW5U5ZX,,,Kauf wurde verarbeitet (KAUF); Zeile ignorieren
falscher_verpasst_kauf,2026-10-01 19:13:36,6ANG,VERPASST_KAUF,,GjrhXcr8YzUZBbu5rifdqM5CPBS4LFJveq3ZiY2u3g5G,2kgq1XDSz1Q1RYGTyaRwPM3Ghnq67DciAABa2re4rhvfnfyyLaeA9HppAnbzHStQbHAHBcnQifqThkHaEWeHJHht,,,Kauf wurde verarbeitet (KAUF); Zeile ignorieren
falscher_verpasst_kauf,2026-10-01 19:13:39,9LXM,VERPASST_KAUF,,5B38eVKNhJoLL4JAS3Gr3osSBYaerZCkSvubqEKS1oE8,4xi8AwisnsUFg68odJVKzH1YQxezFWr5wuos68prRbUCmKNqamCVXoN2W3z3ufZjLJkLbsy7jePb4gFCLENJbrXH,,,Kauf wurde verarbeitet (AUSGELASSEN); Zeile ignorieren
falscher_verpasst_kauf,2026-10-01 19:13:40,9LXM,VERPASST_KAUF,,5B38eVKNhJoLL4JAS3Gr3osSBYaerZCkSvubqEKS1oE8,z55cWeHtt3q2QWRRi1Gv39WJqFeZpteh44Tp5NkKtLjiqirxhmyBG5w2yP1gBL5CB2cducu9shuZbVxAr63mEwW,,,Kauf wurde verarbeitet (AUSGELASSEN); Zeile ignorieren
falscher_verpasst_kauf,2026-10-01 19:13:40,9LXM,VERPASST_KAUF,,5B38eVKNhJoLL4JAS3Gr3osSBYaerZCkSvubqEKS1oE8,5jshUnXecQQTgpgd4iW6q1TZUisnq2iJoYgh8cFrTYRV3pyxCWuSJh21AU1f1sAK5briYy5LfeUR7dAXY1M7wBpk,,,Kauf wurde verarbeitet (AUSGELASSEN); Zeile ignorieren
falscher_verpasst_kauf,2026-10-01 19:13:40,9LXM,VERPASST_KAUF,,5B38eVKNhJoLL4JAS3Gr3osSBYaerZCkSvubqEKS1oE8,2F4FNMhA1uiavFahfhnB2noWxAxDSYhFRidizYjvkTnetr5eLXrcV3UKE9SJRY79MrTVExMx1eV5brZWN9kB5Lju,,,Kauf wurde verarbeitet (AUSGELASSEN); Zeile ignorieren
falscher_verpasst_kauf,2026-10-01 19:13:41,9LXM,VERPASST_KAUF,,5B38eVKNhJoLL4JAS3Gr3osSBYaerZCkSvubqEKS1oE8,2aWK9sVFiLPU4qSswGDC3z8WQa6PfJ69nLnsvWx7dTFXeeDSqaNtNTu6b1pKgVFTaSaFUGUuBpvdCzpxUkDTnHLL,,,Kauf wurde verarbeitet (AUSGELASSEN); Zeile ignorieren
falscher_verpasst_kauf,2026-10-01 19:13:41,9LXM,VERPASST_KAUF,,5B38eVKNhJoLL4JAS3Gr3osSBYaerZCkSvubqEKS1oE8,3nanmRM6VPdSxtzgiSByvc4bdfjhFq8ozzUkn74u9J5m2dbejyhLumgtz35kEhsgjKZrHibDqroL5ZmJi7UCyBL3,,,Kauf wurde verarbeitet (AUSGELASSEN); Zeile ignorieren
falscher_verpasst_kauf,2026-10-01 19:13:41,9LXM,VERPASST_KAUF,,5B38eVKNhJoLL4JAS3Gr3osSBYaerZCkSvubqEKS1oE8,5hkhHFbuffE9tBBNLgW7Kz5YurkgEBo4kCxsY9S5T9357XioCz4SV26zpZyfwx5Nde7ySiaLUESct4bqamYJFFgP,,,Kauf wurde verarbeitet (AUSGELASSEN); Zeile ignorieren
falscher_verpasst_kauf,2026-10-01 19:13:42,9LXM,VERPASST_KAUF,,5B38eVKNhJoLL4JAS3Gr3osSBYaerZCkSvubqEKS1oE8,4fgAtUTnupxGvvhB3xd6PBLWVKusRGbe2cokBnMGSyMEEhrW1NqZqnLskmQdvG8GH8CErTyEJLBi8ti7nmUdKCA7,,,Kauf wurde verarbeitet (AUSGELASSEN); Zeile ignorieren
falscher_verpasst_kauf,2026-10-01 19:13:42,9LXM,VERPASST_KAUF,,5B38eVKNhJoLL4JAS3Gr3osSBYaerZCkSvubqEKS1oE8,5658rMNDF7EtRcooAQEVvkmJG9xkrWJ3XiBYGhWL8EA89mYUmRTrgZYmuXC8j9r5ZVfFSZLQu714siT4un41XRuK,,,Kauf wurde verarbeitet (AUSGELASSEN); Zeile ignorieren
falscher_verpasst_kauf,2026-10-01 19:13:42,9LXM,VERPASST_KAUF,,5B38eVKNhJoLL4JAS3Gr3osSBYaerZCkSvubqEKS1oE8,5ehDPcmbYdb4v1RXyJNreCqrkyMGtwQRKv2D7RNPwF9mUn4tFM3ubbxoDjwaAj3Wu8vXYMUAdxGZBxpaZcZtPvn8,,,Kauf wurde verarbeitet (AUSGELASSEN); Zeile ignorieren
falscher_verpasst_kauf,2026-10-01 19:13:43,9LXM,VERPASST_KAUF,,5B38eVKNhJoLL4JAS3Gr3osSBYaerZCkSvubqEKS1oE8,3qzMR9hbWVXXAadJRrK1B1LRnuut4nEtYCWERGtmX7ttd4FkVK14UTXCdJ7LBCsA1w2qFJfy7MBjy8MMghixZ68q,,,Kauf wurde verarbeitet (AUSGELASSEN); Zeile ignorieren
falscher_verpasst_kauf,2026-10-01 19:13:43,9LXM,VERPASST_KAUF,,5B38eVKNhJoLL4JAS3Gr3osSBYaerZCkSvubqEKS1oE8,4Soscrsu6EhYtT56XYuQGgmPT2nSqohgVM1DV83TVCD7C8zK4Ukjkrd5j5rPVmj8sWsh77BReWnfjghWRQv5CWcj,,,Kauf wurde verarbeitet (AUSGELASSEN); Zeile ignorieren
falscher_verpasst_kauf,2026-10-01 19:13:43,9LXM,VERPASST_KAUF,,5B38eVKNhJoLL4JAS3Gr3osSBYaerZCkSvubqEKS1oE8,2b8mGFZxmGySM6YT4be4rLfQw5BVrRwM7yxpmVDj1xrdjquKH3wpWVvYQhCUFZEdwZTH9b7wUkrgX88N3tFTqC4u,,,Kauf wurde verarbeitet (AUSGELASSEN); Zeile ignorieren
falscher_verpasst_kauf,2026-10-01 19:13:44,9LXM,VERPASST_KAUF,,5B38eVKNhJoLL4JAS3Gr3osSBYaerZCkSvubqEKS1oE8,2B4FycwVAej3xwtVfH6BUEbj6Mf5kmb5vSSNidE3HWxCGSZD4ikbcD8N8TMgxHcUcurLjUc2d1mEgtoVB1dCDoss,,,Kauf wurde verarbeitet (AUSGELASSEN); Zeile ignorieren
falscher_verpasst_kauf,2026-10-01 19:13:44,9LXM,VERPASST_KAUF,,5B38eVKNhJoLL4JAS3Gr3osSBYaerZCkSvubqEKS1oE8,36c6kaWLQ3bKC9s1zSNhWaS6wW472JYcs6ARD26c3xxrVenBoreAP8vacn165dCTAzZqGsp7mQJuTC1q2h6WtSPc,,,Kauf wurde verarbeitet (AUSGELASSEN); Zeile ignorieren
falscher_verpasst_kauf,2026-10-01 19:13:44,9LXM,VERPASST_KAUF,,5B38eVKNhJoLL4JAS3Gr3osSBYaerZCkSvubqEKS1oE8,284Y3uxw13vpTb99DeDou79tEY7UpGcvKobmfRaUP3KDztNe8SmsxRZSER1LBGijCLEYTmeXTrb9GYkUW6fqRCdH,,,Kauf wurde verarbeitet (AUSGELASSEN); Zeile ignorieren
falscher_verpasst_kauf,2026-10-01 19:13:45,9LXM,VERPASST_KAUF,,5B38eVKNhJoLL4JAS3Gr3osSBYaerZCkSvubqEKS1oE8,3AtZTCPTYE9TycMFot63DyzAWucWiRK4UEXZSiU6VT9nqnqUHLAAPkPnSqEoikbUDthqdUiPYbFtgDmUdtMTFh2V,,,Kauf wurde verarbeitet (AUSGELASSEN); Zeile ignorieren
falscher_verpasst_kauf,2026-10-01 19:13:45,9LXM,VERPASST_KAUF,,5B38eVKNhJoLL4JAS3Gr3osSBYaerZCkSvubqEKS1oE8,nfS1JJixJSoBMikfVeeyLdig9oZUuW2ac3UXGLEbcnuKHtrgPQz8PCfhcLfBhgyMxpNFvT4JeRJVZTdAxVs2ebW,,,Kauf wurde verarbeitet (AUSGELASSEN); Zeile ignorieren
falscher_verpasst_kauf,2026-10-01 19:13:45,9LXM,VERPASST_KAUF,,5B38eVKNhJoLL4JAS3Gr3osSBYaerZCkSvubqEKS1oE8,2LxUw3UbRTgZeEV8czNCcGfwwY4uDDwk1dXmEyJtkd6dKeQvCacaw6bcxsqxFDCUkgc15CDAb2z68DYSnLTUG4Tu,,,Kauf wurde verarbeitet (AUSGELASSEN); Zeile ignorieren
falscher_verpasst_kauf,2026-10-01 19:13:46,9LXM,VERPASST_KAUF,,5B38eVKNhJoLL4JAS3Gr3osSBYaerZCkSvubqEKS1oE8,5p1mLGj7RT7XtAT8RmTX3y7gTmbTAnrU4TF5HRVQDeSEt3qpWR8KSa3mBgNQ8jQZ3th8YgenMMUSZJH7zN4QW2di,,,Kauf wurde verarbeitet (AUSGELASSEN); Zeile ignorieren
falscher_verpasst_kauf,2026-10-01 19:13:46,9LXM,VERPASST_KAUF,,5B38eVKNhJoLL4JAS3Gr3osSBYaerZCkSvubqEKS1oE8,3LSkxyYjsUmT5m3A6JLCQUtofqqK4J6kK82AC7caF2QNWGeiSzoz7t9VoS3oTnJL7Eu7EvQjsF1Lp6rkxzgq8bcV,,,Kauf wurde verarbeitet (AUSGELASSEN); Zeile ignorieren
falscher_verpasst_kauf,2026-10-01 19:13:46,9LXM,VERPASST_KAUF,,5B38eVKNhJoLL4JAS3Gr3osSBYaerZCkSvubqEKS1oE8,3onjLWc3TWeBRdzBra5SQeafhbB73gJcSQTv8TCs9VMCvdxpQvCbL74SxAuMnd7Y9tGawpMUg2sNPtV6nWGtEQZu,,,Kauf wurde verarbeitet (AUSGELASSEN); Zeile ignorieren
falscher_verpasst_kauf,2026-10-01 19:14:31,9LXM,VERPASST_KAUF,,5nVXzsZaXBTqmMK5oejYz54F9SGTqRGpfrWDZAbtWXfi,5RRJZByxm7mNZEdJUCVoSupLeoWgP4enEB6SyyJXGzZDNAGzxZggyHiG4nnauVZhctm5YszC1LcbDycrjFAS2G1M,,,Kauf wurde verarbeitet (SCHATTEN_KAUF); Zeile ignorieren
falscher_verpasst_kauf,2026-10-01 19:14:31,9LXM,VERPASST_KAUF,,5nVXzsZaXBTqmMK5oejYz54F9SGTqRGpfrWDZAbtWXfi,39FBsxD8JfzinrK5qt1VzpBxfMirb7VQYevW6qKkHdHQRhP4J7yk6xSJMnHZB2rgtGRbMJ1PuWgKpvSR9CZRmQje,,,Kauf wurde verarbeitet (KAUF); Zeile ignorieren
falscher_verpasst_kauf,2026-10-01 19:14:36,9LXM,VERPASST_KAUF,,5dw5MXrnW4wbqerxhUr4jAg92BeRjnux7Nf5RKHhpump,58ga1MaueLhwuMmXYqVPM5yj7BVB1hQoi3dJFeR43n49pq33PUTYQuWbJ2eBz59Ro35amjvf1FxypVR1USeEkRFK,,,Kauf wurde verarbeitet (AUSGELASSEN); Zeile ignorieren
falscher_verpasst_kauf,2026-10-01 19:15:20,HEBO,VERPASST_KAUF,,6VyyQ73u9i8QvdPKXQfgCrX9YuAZB95Gud89haFUpump,D6bsR4WSmN6ScHfTBGTJ9xa1KBrusVnhyM9SxUc2DJDVcL8ch3uiuDiBQHWHSKhjCmFUU16s13mWcFneVqx95Az,,,Kauf wurde verarbeitet (KAUF); Zeile ignorieren
falscher_verpasst_kauf,2026-10-01 19:15:20,HEBO,VERPASST_KAUF,,AQzXX96tWaXJD6eamyxv3F8raTfjPhr6aF6hA646pump,55sHkQ9gQ7yaXNFG5wB6SncndT1BrEvUp51JiM5wkUKmRizgHMNXXbDpaiEypxqsTW6wUwZPrjSgZXF4s1oWoyZj,,,Kauf wurde verarbeitet (SCHATTEN_KAUF); Zeile ignorieren
falscher_verpasst_kauf,2026-10-01 19:15:20,HEBO,VERPASST_KAUF,,AQzXX96tWaXJD6eamyxv3F8raTfjPhr6aF6hA646pump,4RDrdXKqucFwpnnbRNqFRYfk23fVvegTCMiYzrkxH7QhogXdsV6qpfdPgnoeBnVjBxB8JaoA45j1sd7bxfUroAp4,,,Kauf wurde verarbeitet (KAUF); Zeile ignorieren
falscher_verpasst_kauf,2026-10-01 19:15:20,HEBO,VERPASST_KAUF,,6VyyQ73u9i8QvdPKXQfgCrX9YuAZB95Gud89haFUpump,4SrKkqUEQFNe7G1yHYeehLBGL4rQLgSWB2AMgntfqL5tt7BbaMZ1bRbnrQQni8ovY1fiCu48gpC3BaTtCZdcrxa1,,,Kauf wurde verarbeitet (SCHATTEN_KAUF); Zeile ignorieren
falscher_verpasst_kauf,2026-10-01 19:15:22,HEBO,VERPASST_KAUF,,6VyyQ73u9i8QvdPKXQfgCrX9YuAZB95Gud89haFUpump,3uW8vhVFmLsUXfghYNAU7M4u1bE9w6bWekqUxgxF3891NurYfKjY9CNz3YjrFJnbF2vX3vpUyKkJz7duYRYrac9z,,,Kauf wurde verarbeitet (KAUF); Zeile ignorieren
falscher_verpasst_kauf,2026-10-01 19:15:24,HEBO,VERPASST_KAUF,,FEVYjz1uqrGxF5gUfbAb7hHUTGFv7hycLWywsanJtLhm,5AvFg1LxGHBgJtWZKR8XK6AQKq4J8ZDZm9mBXveFEWbfa5tDViWArbpy7iGiH1246DADoL91tWabskVEfRGMwqvu,,,Kauf wurde verarbeitet (KAUF); Zeile ignorieren
falscher_verpasst_kauf,2026-10-01 19:15:24,HEBO,VERPASST_KAUF,,FEVYjz1uqrGxF5gUfbAb7hHUTGFv7hycLWywsanJtLhm,4KzGnnYCJPpn42NcjfQnHi24i4NjSzvTwPuvDssFoibaiJKqwRbEgDnybe4X8J2d3jBPLYCHRS5zA9HV9cdH4Ruh,,,Kauf wurde verarbeitet (KAUF); Zeile ignorieren
falscher_verpasst_kauf,2026-10-01 19:15:25,HEBO,VERPASST_KAUF,,FEVYjz1uqrGxF5gUfbAb7hHUTGFv7hycLWywsanJtLhm,GSwXhyDQ1PEU9nekMHVXW6TTq82qtZsZ7NMaPkgtBvN6sSaAbxmkytdxa4tjo1bpa9yXbudF8E687kpoog1dLNZ,,,Kauf wurde verarbeitet (KAUF); Zeile ignorieren
falscher_verpasst_kauf,2026-10-01 19:15:25,HEBO,VERPASST_KAUF,,FEVYjz1uqrGxF5gUfbAb7hHUTGFv7hycLWywsanJtLhm,2pLdKnApvhJxGvGzh83VHDjKd8gNQzsGmecDQEvafGww8sBaGn4PMBhFCJo7srP2XAbn3DXeVdC7DrBBWauVeaMF,,,Kauf wurde verarbeitet (KAUF); Zeile ignorieren
falscher_verpasst_kauf,2026-10-01 19:15:26,HEBO,VERPASST_KAUF,,FEVYjz1uqrGxF5gUfbAb7hHUTGFv7hycLWywsanJtLhm,4HWwBbkjE6tCVQLBbQrSbRFNdKNeCP1YWFtz33fKGSnkrEZpbtXSG6smZQcoiMvx1RRNoJjAyi5APK7bHonyG3QR,,,Kauf wurde verarbeitet (KAUF); Zeile ignorieren
falscher_verpasst_kauf,2026-10-01 19:15:26,HEBO,VERPASST_KAUF,,AfqLJuo9Atmm64SxWYXbjCF4zGdGejVLhhWDzXi8jree,UpMavokUGhAcUZrg1JV2Zrpk4tuxd6EtHmGwvMBgSmvQNcxVDcGMBDiXdjGPi6YsvoMAxH2CXoYx5k25UdozDL7,,,Kauf wurde verarbeitet (KAUF); Zeile ignorieren
falscher_verpasst_kauf,2026-10-01 19:15:27,HEBO,VERPASST_KAUF,,AfqLJuo9Atmm64SxWYXbjCF4zGdGejVLhhWDzXi8jree,31yFA2qua1D672G2iAoon2nqgDM9Y2zUvm4pzXs5FRJWyT9YgrhzzcUDJW8mwMjbzCPaogZihMLfqnjw9RkFNDZP,,,Kauf wurde verarbeitet (KAUF); Zeile ignorieren
falscher_verpasst_kauf,2026-10-01 19:15:28,HEBO,VERPASST_KAUF,,FEVYjz1uqrGxF5gUfbAb7hHUTGFv7hycLWywsanJtLhm,3Cs3YGuWugEL2kK7ua62KWvXMfT3suoqQ338rhrAvzEEXDVgAawxyV4R6zsU5W98SejFv1mX2CCz1hDdPjsUQ296,,,Kauf wurde verarbeitet (KAUF); Zeile ignorieren
falscher_verpasst_kauf,2026-10-01 19:15:28,HEBO,VERPASST_KAUF,,69PsrRyutNzg5s4MvUFxZdvjJGqPC5BkWM8T6dnTp3Qy,5KzQRJp3pw7docQZhW3GZ6b6mr13MLGSTKGZe2htoLtA7jGN2xvfVeMfaDXfzhDBBNRtDUUfa66FBH5qotbzwKiw,,,Kauf wurde verarbeitet (KAUF); Zeile ignorieren
falscher_verpasst_kauf,2026-10-01 19:15:28,HEBO,VERPASST_KAUF,,HHkzseeJWx2bKizEJPwYnz4PanxRf96BHt2kcHBC4i4E,K5TWEHe5uxZhKEqjGQTuiaD7jpYfZnmnh6x4L7uih3TGFTns9bYhEyBamXbsb9ztWibtcPh2RMcNfJ7sqZmSkZE,,,Kauf wurde verarbeitet (KAUF); Zeile ignorieren
falscher_verpasst_kauf,2026-10-01 19:15:29,HEBO,VERPASST_KAUF,,HHkzseeJWx2bKizEJPwYnz4PanxRf96BHt2kcHBC4i4E,24KACig1ptJRqsMojgY2YMpKePQh837x7mdXcfMeZey1XknyAoGqujpEtiqpuoC4ZNKShibsvupVZnVwThJk3QKR,,,Kauf wurde verarbeitet (SCHATTEN_KAUF); Zeile ignorieren
falscher_verpasst_kauf,2026-10-01 19:15:31,HEBO,VERPASST_KAUF,,AUHbg5JCPR6sfon92zD2YZ82tXvv3a792QY449KJ7hwj,3Jqbp5GbMzdq9mRC4bLg5sHQbsJn2QTvkxGFsDKVSUoPGUtvgfnZX3j5zLTyquK4Y7E3MpSzXZkEhHKFjgD9PyE7,,,Kauf wurde verarbeitet (KAUF); Zeile ignorieren
falscher_verpasst_kauf,2026-10-01 19:15:31,HEBO,VERPASST_KAUF,,BcsfpnxwR99KMTci532xEPvBa6gm8qo1N2YhJK7wNAwA,3huDdEKHyKqobkeF84GvdNnE51iPxnMBrxQ6T99zoP9VEkBSZKwnDnsmHeeHUYd4JkZnvCbZtvvqc8y49ervhDXN,,,Kauf wurde verarbeitet (SCHATTEN_KAUF); Zeile ignorieren
falscher_verpasst_kauf,2026-10-01 19:15:31,HEBO,VERPASST_KAUF,,BcsfpnxwR99KMTci532xEPvBa6gm8qo1N2YhJK7wNAwA,4dCLCyDGGWw9UFJdude9EtxeSqG6kghh9PxtxZmbwgz1jVs13HA2v2Qi57kZ4necRHUEvywwWgLUka99ZxxMaQB6,,,Kauf wurde verarbeitet (KAUF); Zeile ignorieren
falscher_verpasst_kauf,2026-10-01 19:15:31,HEBO,VERPASST_KAUF,,AfqLJuo9Atmm64SxWYXbjCF4zGdGejVLhhWDzXi8jree,5NTrcxXNE6VGsLoKHMgFf1ZDCeFPo9Gut9wyh65f54iSFmKjjhiW9Xi6XcNTrdJyKgBVZtWS1GN8NwgiiLQVFU3u,,,Kauf wurde verarbeitet (KAUF); Zeile ignorieren
falscher_verpasst_kauf,2026-10-01 19:15:32,HEBO,VERPASST_KAUF,,4qij1jkbD4DGsj7QzcJMwDq1eeovKCDBakmMcZbVAg2D,KDsWD41P8nTVA89SxJ1QUpgiGBbvKrhjxorMSGDcUtxcQJcCnNtYExrFG4NRbHj8LzsR8cC8PnwknkgQoiYuA1F,,,Kauf wurde verarbeitet (SCHATTEN_KAUF); Zeile ignorieren
falscher_verpasst_kauf,2026-10-01 19:17:40,4DOV,VERPASST_KAUF,,9twiuSdTVkwtAC9XQDG57dFRhF4iqPih461HJfMZKci9,6MhAvQWj72ndPiycfFUcqnN44WpCTAkGHWYjP4vAGTPpo4AEh8v3EvvLMQdtES4cpxJ3p7emhwmekrXHF4rTgzb,,,Kauf wurde verarbeitet (KAUF); Zeile ignorieren
falscher_verpasst_kauf,2026-10-01 19:17:40,4DOV,VERPASST_KAUF,,9twiuSdTVkwtAC9XQDG57dFRhF4iqPih461HJfMZKci9,5Z16waw6tEppgxU9v8mGQW4rMxkyP7CuHsCkQsdn4JfAFZDinqFif5SWmGHbDj7EDaTajpSzUcW5EqBmMjdUtkL6,,,Kauf wurde verarbeitet (KAUF); Zeile ignorieren
falscher_verpasst_kauf,2026-10-01 19:17:41,4DOV,VERPASST_KAUF,,9twiuSdTVkwtAC9XQDG57dFRhF4iqPih461HJfMZKci9,4r8U4yVqBcrfq6FHUqXw1Vkeafvin7TW5Gv5wxxbzeMf4xC8FfEhNqoaUqQdYiZSCvyh5hJcyGKfHEpq2oasCwc5,,,Kauf wurde verarbeitet (KAUF); Zeile ignorieren
falscher_verpasst_kauf,2026-10-01 19:17:48,4DOV,VERPASST_KAUF,,9aqmJjCnnMQv42TXLk921ceUkN35nea2QP969n1caqjj,8ejzmSbSYWYrbRMhCzWPuEaj6H1DVpvTSxBr2YZpyraCHY4ak2g8kZ6ZWD1JPLdJsgfs43NXc69kFiKqCzxNkJG,,,Kauf wurde verarbeitet (KAUF); Zeile ignorieren
falscher_verpasst_kauf,2026-10-01 19:17:48,4DOV,VERPASST_KAUF,,9aqmJjCnnMQv42TXLk921ceUkN35nea2QP969n1caqjj,63UZi1AAUzgFjPDbcxHR6s1tXxUYSp731THHG2qDEDLzojhHDU11uxYYyDwSU391JjWWDYozsBmvB9R4EDoBpGWX,,,Kauf wurde verarbeitet (KAUF); Zeile ignorieren
falscher_verpasst_kauf,2026-10-01 19:17:49,4DOV,VERPASST_KAUF,,9aqmJjCnnMQv42TXLk921ceUkN35nea2QP969n1caqjj,5x2YPUWi6Z23J8srvWAgxyFF6rtQTus4RZ6zim2jDLVc6Snvr9GvtKc19B4NNiP8e2FPUCnsEsNh9ymSoDjtEtia,,,Kauf wurde verarbeitet (KAUF); Zeile ignorieren
falscher_verpasst_kauf,2026-10-01 19:17:54,4DOV,VERPASST_KAUF,,9aqmJjCnnMQv42TXLk921ceUkN35nea2QP969n1caqjj,31VWECWmeAkQbKJt374xdmUGKoEEB66o3TLH5iT8BGyMavhcJCPXrmjN38TjWyzfnrEa2SZHmcp3utq46XtYmhHX,,,Kauf wurde verarbeitet (KAUF); Zeile ignorieren
falscher_verpasst_kauf,2026-10-01 19:17:57,4DOV,VERPASST_KAUF,,JCX5nDG99k1CWB9AttJ3U57NmjSgnCoagFaZhqfEf7Ah,9W62Cx3RapxwrF4TiGDcMbUPJokmrLVgZYBhvqckcZ7ycDBKNKA5pgPBUnwXEfhist4BbiSGkF828qaShr4Q3g9,,,Kauf wurde verarbeitet (KAUF); Zeile ignorieren
falscher_verpasst_kauf,2026-10-01 19:17:57,4DOV,VERPASST_KAUF,,JCX5nDG99k1CWB9AttJ3U57NmjSgnCoagFaZhqfEf7Ah,sTfywx1n7tHEnkMsfu6xGHYbpU4bV8HJ4MVmMRKnDkp5yCWjmZLfVoKp3mZbbe1WDguhRe8eMD9UT3JjnahUUHB,,,Kauf wurde verarbeitet (KAUF); Zeile ignorieren
falscher_verpasst_kauf,2026-10-01 19:17:58,4DOV,VERPASST_KAUF,,JCX5nDG99k1CWB9AttJ3U57NmjSgnCoagFaZhqfEf7Ah,5qpkJVW6kZJ5ZySBmvgf6CHELrSqV5WmknLxqCiX6ztjdrdMF4qtBbyN9YTZ56Hy7HZkBoWDxLFmyM4HwDSvqR6K,,,Kauf wurde verarbeitet (KAUF); Zeile ignorieren
falscher_verpasst_kauf,2026-10-01 19:17:58,4DOV,VERPASST_KAUF,,JCX5nDG99k1CWB9AttJ3U57NmjSgnCoagFaZhqfEf7Ah,21DUem3jMpqyYqjaU54LXughAQk6gR19xXF82sREKrHC3FAqR2wT9z449otp6eBe8KArh4GNSZfj3wdpd3DKcZDs,,,Kauf wurde verarbeitet (KAUF); Zeile ignorieren
falscher_verpasst_kauf,2026-10-01 19:18:05,4DOV,VERPASST_KAUF,,EmLPFwLkzaPdT548oKXT9CMh9bSB9Ez93fBgmmoapump,3vb2yGgf9dAnWxwLQBmvGKUXAXfDwybGeem6x4epCXnu7UQsgjJtmXcwq2BnwQKG582WB52kZcHTr6grpv316Mo3,,,Kauf wurde verarbeitet (KAUF); Zeile ignorieren
falscher_verpasst_kauf,2026-10-01 19:18:06,4DOV,VERPASST_KAUF,,EmLPFwLkzaPdT548oKXT9CMh9bSB9Ez93fBgmmoapump,5hmfhRn49pfTDHfn9rBKtBpSC58i5C26cZHhrh9u5REDqVZrX5hUyW2F8Z6RZ6TJrFZbtxnLWnHZV8tTpPzVUg57,,,Kauf wurde verarbeitet (KAUF); Zeile ignorieren
falscher_verpasst_kauf,2026-10-01 19:18:09,4DOV,VERPASST_KAUF,,CbcyNo7m1amFWqEQm2m4PLv1UNvpcL3C1Ujm6AkzpKoU,2emWCp1a8cUAWNaUFfjWaNy96QYKKuvaNTbKUiesDZJ8Xe4opYSebAuoz9EDCQnULjogJ6tBFEQaFeVQHUuKJGJA,,,Kauf wurde verarbeitet (KAUF); Zeile ignorieren
falscher_verpasst_kauf,2026-10-01 19:18:09,4DOV,VERPASST_KAUF,,CbcyNo7m1amFWqEQm2m4PLv1UNvpcL3C1Ujm6AkzpKoU,4biTgh58mcSGhBkJ2AWKFkGM9FjeUMGpkw4URcT6CuhMJde8TmvvFcbiRYLFXkV7Nq26YeQzJdbMfNWV1zmhF78h,,,Kauf wurde verarbeitet (KAUF); Zeile ignorieren
falscher_verpasst_kauf,2026-10-01 19:18:10,4DOV,VERPASST_KAUF,,CbcyNo7m1amFWqEQm2m4PLv1UNvpcL3C1Ujm6AkzpKoU,26x2byvZpp4EBEmyxMsCZk63pFJSaEbbusYR8vpX7MEEz3rBFrvjS6BAuT1J9FQqWESJyV43B1S1Q7XPpQwW53BJ,,,Kauf wurde verarbeitet (KAUF); Zeile ignorieren
falscher_verpasst_kauf,2026-10-01 19:18:10,4DOV,VERPASST_KAUF,,AcgB3riCTGBzQ626TRmEm1f6ikeFvxi4mL36piDXV6ug,4cjSwhc6TVGLHZEz2mH6NjtHnkTpNRxbag5vijpd897pFHHakTkE17STCcvMoyWpgZR5RCQLp3Y79ExTBQtrS49z,,,Kauf wurde verarbeitet (KAUF); Zeile ignorieren
falscher_verpasst_kauf,2026-10-01 19:18:11,4DOV,VERPASST_KAUF,,AcgB3riCTGBzQ626TRmEm1f6ikeFvxi4mL36piDXV6ug,59xHC1XCcy7t2zrf4HvTxXQQ7WKgjgnTSxS2dYfpYoAYZFtb1ohXN9fzKvm8Cm2REZRfAC5qQA1TK8p4pXBLYT1V,,,Kauf wurde verarbeitet (KAUF); Zeile ignorieren
falscher_verpasst_kauf,2026-10-01 19:18:12,4DOV,VERPASST_KAUF,,AcgB3riCTGBzQ626TRmEm1f6ikeFvxi4mL36piDXV6ug,5HJ968SccyQ5MGZXSB5brgfbb29rDhSVTWCUCVJvHtgMwUWcChdg8s43ByijXc13daPU89818rh2j2H8SUon2wS,,,Kauf wurde verarbeitet (KAUF); Zeile ignorieren
falscher_verpasst_kauf,2026-10-01 19:18:12,4DOV,VERPASST_KAUF,,AcgB3riCTGBzQ626TRmEm1f6ikeFvxi4mL36piDXV6ug,3RJ99f9hGTXgpEtSC6mjVLk3V5L78R5ghCxBqQGKLTkd8hifbXWEeX2dgw7LtKt7rToF7Dr9DX9BJtJDm1HuN1iu,,,Kauf wurde verarbeitet (KAUF); Zeile ignorieren
falscher_verpasst_kauf,2026-10-01 19:18:13,4DOV,VERPASST_KAUF,,DvNcJZTiSMD1RBCtZ2J31mh7s42CVCwrzGapv1Lypump,5fX4pCr469F6hMHp6MwhrP3VQzm8KSaiV2WwTMASZqKzfzRB4M76DrVY472NGpE9kzGiuaXTwBfKgYWU7SfdHAT,,,Kauf wurde verarbeitet (KAUF); Zeile ignorieren
falscher_verpasst_kauf,2026-10-01 19:18:14,4DOV,VERPASST_KAUF,,8kVuY7Yir9NLaai9V73ZejscWdJ9q7aczidLtr38oL4r,66enYTn5FqFmb1dkLW3MoTyKyuU9aS8tKe5m98bWtNpSELTijNCXwwEBHFHyKaVmofU6cHueh41k4bC2TaR8iJ3L,,,Kauf wurde verarbeitet (KAUF); Zeile ignorieren
falscher_verpasst_kauf,2026-10-01 19:18:14,4DOV,VERPASST_KAUF,,8kVuY7Yir9NLaai9V73ZejscWdJ9q7aczidLtr38oL4r,2PBxcJxunA23nzYR99HBW4ZWhe4UDweEHo4J9KkevxPm5oyge26nxvNkPJM4CFr3KZxkKf5BC686DEfJjsv81cqg,,,Kauf wurde verarbeitet (KAUF); Zeile ignorieren
falscher_verpasst_kauf,2026-10-01 19:18:15,4DOV,VERPASST_KAUF,,8kVuY7Yir9NLaai9V73ZejscWdJ9q7aczidLtr38oL4r,9YCzSEG8QDWsRG5BikZuMLUn77ehqGkGAwiAhXdhc5QrCymoemzAfpLwQZ2HZiFyyPbeEza8z455X1eaV79RaSu,,,Kauf wurde verarbeitet (KAUF); Zeile ignorieren
falscher_verpasst_kauf,2026-10-01 19:18:15,4DOV,VERPASST_KAUF,,8kVuY7Yir9NLaai9V73ZejscWdJ9q7aczidLtr38oL4r,5WDZXwgeTUX3FYimHLeAuFneLsnWXJSs1FxCEet95ZRiEGeRq3cZK279M5BpdgxhHDy659UX22mESqSpmFgpUsuo,,,Kauf wurde verarbeitet (KAUF); Zeile ignorieren
falscher_verpasst_kauf,2026-10-01 19:18:17,4DOV,VERPASST_KAUF,,D3Rna5XrQWaW3Ydzxt5PicEbQnMbSv8qX97x14qEsVd,32b1zKYzPaKBpYxjwqZsQAKDarizEqGnyp9ReBUFMqKwd4EthygJM9ag5Po6Ygqyn717VyuM4DuSvt33q4NUtt6m,,,Kauf wurde verarbeitet (KAUF); Zeile ignorieren
falscher_verpasst_kauf,2026-10-01 19:18:18,4DOV,VERPASST_KAUF,,G6autZruJLEzYKRh84qTsbVhrTvLEbjBYdHnBQH1zitp,JUbajPiC9AAhQDPyExabVJDEmm7akjZAAfYizBJASzaiS2LDAuJoD3KVJJr1vZWrABRVaDrV3VV3kTynZm7asRB,,,Kauf wurde verarbeitet (KAUF); Zeile ignorieren
falscher_verpasst_kauf,2026-10-01 19:18:18,4DOV,VERPASST_KAUF,,G6autZruJLEzYKRh84qTsbVhrTvLEbjBYdHnBQH1zitp,5MwjUDFd8Wf4YmpWtyPjdKR5zUmHk2FS4gNcD4hsAnhHedFyvhRgcHWkNgEzStCVVKU3yKYeG1cFN61LvEsYNFNQ,,,Kauf wurde verarbeitet (KAUF); Zeile ignorieren
falscher_verpasst_kauf,2026-10-01 19:18:19,4DOV,VERPASST_KAUF,,G6autZruJLEzYKRh84qTsbVhrTvLEbjBYdHnBQH1zitp,da5WAEwDJkoUYstjRgz6aWqHpW9RDgJHh8K816hGaeWcCbCkrPqCDzrgt7J7pvVYeDgJfhRP3eyZHwN3yqQ2Skt,,,Kauf wurde verarbeitet (KAUF); Zeile ignorieren
falscher_verpasst_kauf,2026-10-01 19:18:19,4DOV,VERPASST_KAUF,,G6autZruJLEzYKRh84qTsbVhrTvLEbjBYdHnBQH1zitp,61ugPnmp5pGFaN8MZxVEP6MiVpnC6XsT4fAnkht147BrxuMQYFcW2fGLp7vcDMDzk31C5wWzXf1E52Wa3o1MVxmo,,,Kauf wurde verarbeitet (KAUF); Zeile ignorieren
falscher_verpasst_kauf,2026-10-01 19:18:37,GYYR,VERPASST_KAUF,,EDETAdjB1N8AARfoWWTwxeUJiNFjGAEhBv1JBePnagoh,5tySu4zjaGrcTJN8NeiS92xFEmvpGY7QTy4kjXUU44USt84n4XeZG3z2xPUYRcyKgXrYSQW69FA7MjDf824i83Zs,,,Kauf wurde verarbeitet (KAUF); Zeile ignorieren
falscher_verpasst_kauf,2026-10-01 19:18:38,GYYR,VERPASST_KAUF,,EDETAdjB1N8AARfoWWTwxeUJiNFjGAEhBv1JBePnagoh,E9Z76squZY6PP7ZLgCDpx9XQ7SDP4HZyTTSeUt71Bka86hgips6H4QELw7Jm7vEFowCzCYpQrRdDU7t9F3oDBvP,,,Kauf wurde verarbeitet (KAUF); Zeile ignorieren
falscher_verpasst_kauf,2026-10-01 19:18:39,GYYR,VERPASST_KAUF,,EDETAdjB1N8AARfoWWTwxeUJiNFjGAEhBv1JBePnagoh,27UTNmK4NjJgs9sMgQ7CdP2c4Uf2HnfeQonc6Ui9vNBDzB69nAtRC4yVQBQoY37UX6Nx6ZvuygM4Vp1VG91HJZLJ,,,Kauf wurde verarbeitet (KAUF); Zeile ignorieren
falscher_verpasst_kauf,2026-10-01 19:18:39,GYYR,VERPASST_KAUF,,EDETAdjB1N8AARfoWWTwxeUJiNFjGAEhBv1JBePnagoh,5LjKZosDA2GeQyfbPqmYJj1Bh9ZYaQmDukuBAmrqzabc15YdUiGQpoZazugnHTCoaoGnFEZd5XZdwKcTGs4rmieD,,,Kauf wurde verarbeitet (KAUF); Zeile ignorieren
falscher_verpasst_kauf,2026-10-01 19:18:40,GYYR,VERPASST_KAUF,,EDETAdjB1N8AARfoWWTwxeUJiNFjGAEhBv1JBePnagoh,456FxJNM1xS3pbPofoqoFC8Njv2MavgaNPzuX52wD8b7d9i2qDBRbfbfvAyVpTzJfCdaZHfm7RzTq3PrB8eJ8Zj1,,,Kauf wurde verarbeitet (KAUF); Zeile ignorieren
falscher_verpasst_kauf,2026-10-01 19:18:41,AFYP,VERPASST_KAUF,,CbcyNo7m1amFWqEQm2m4PLv1UNvpcL3C1Ujm6AkzpKoU,4jmirhgGRtJi2eDSGQwR1fLdGgf4obST9Ykib2cuwBxEJnzjsLoBrXWeTpG9zMgsG9LHrSdHCyTLYBSeSA8RpQ4a,,,Kauf wurde verarbeitet (KAUF); Zeile ignorieren
falscher_verpasst_kauf,2026-10-01 19:18:45,ENKM,VERPASST_KAUF,,6xCiwkREkYzLdnDcCV9uS3hBZidXuwkc9L9c67dQSTNK,5kwrK41zatnbhGNwF9pxo22paxvckHtKNfKQBwprxDH9dVAN7X1nfXCqrRQHaSQajx5PcNze94TMLNv4ENB7ddun,,,Kauf wurde verarbeitet (KAUF); Zeile ignorieren
falscher_verpasst_kauf,2026-10-01 19:18:45,ENKM,VERPASST_KAUF,,6xCiwkREkYzLdnDcCV9uS3hBZidXuwkc9L9c67dQSTNK,5vFpjqPAFh2PHFvsoD5bkX4PNvAsZ7tSe8i73FZfFRayvxaMycdT3hEnhfdcY9EkBHo8jxUrRwzPx2icazE6aFMo,,,Kauf wurde verarbeitet (KAUF); Zeile ignorieren
falscher_verpasst_kauf,2026-10-01 19:18:45,ENKM,VERPASST_KAUF,,6xCiwkREkYzLdnDcCV9uS3hBZidXuwkc9L9c67dQSTNK,25QoQZHxDxCfCYnsQ1wTP27z5VK8ne7Kdd5VPMGvzrdAASMxsBYUrcefYS9DLqUtzjTyUieULEiMexDqmJRcKxh4,,,Kauf wurde verarbeitet (KAUF); Zeile ignorieren
falscher_verpasst_kauf,2026-10-01 19:18:46,ENKM,VERPASST_KAUF,,FvhorDts9M8uJekzs3pBcYUPUjWtCTrGLhdv3ADHyeRY,2hSKndDzd6BLEBfcoC7r2RL81SctkYuq7KjSbLjFZrGEAqZbW8BGydoBjjyFqvz9pTmwRe54KwZ7Q5ynXNsAWJvF,,,Kauf wurde verarbeitet (KAUF); Zeile ignorieren
falscher_verpasst_kauf,2026-10-01 19:18:46,ENKM,VERPASST_KAUF,,FU36e3gRF3oJUgef7Xn18JPUQRuN548S8PhL65rECaYV,399m3LeNxSwoX1M9bjWVgKH9qNPyZuDEGqNGMC36enkoR9iRwDqAxe67qoTxEnEMYhXiWgugkTsgv3wwfqi7ikxU,,,Kauf wurde verarbeitet (KAUF); Zeile ignorieren
falscher_verpasst_kauf,2026-10-02 05:59:27,GYYR,VERPASST_KAUF,,EDETAdjB1N8AARfoWWTwxeUJiNFjGAEhBv1JBePnagoh,5tySu4zjaGrcTJN8NeiS92xFEmvpGY7QTy4kjXUU44USt84n4XeZG3z2xPUYRcyKgXrYSQW69FA7MjDf824i83Zs,,,Kauf wurde verarbeitet (KAUF); Zeile ignorieren
falscher_verpasst_kauf,2026-10-02 05:59:27,GYYR,VERPASST_KAUF,,EDETAdjB1N8AARfoWWTwxeUJiNFjGAEhBv1JBePnagoh,E9Z76squZY6PP7ZLgCDpx9XQ7SDP4HZyTTSeUt71Bka86hgips6H4QELw7Jm7vEFowCzCYpQrRdDU7t9F3oDBvP,,,Kauf wurde verarbeitet (KAUF); Zeile ignorieren
falscher_verpasst_kauf,2026-10-02 05:59:28,GYYR,VERPASST_KAUF,,EDETAdjB1N8AARfoWWTwxeUJiNFjGAEhBv1JBePnagoh,27UTNmK4NjJgs9sMgQ7CdP2c4Uf2HnfeQonc6Ui9vNBDzB69nAtRC4yVQBQoY37UX6Nx6ZvuygM4Vp1VG91HJZLJ,,,Kauf wurde verarbeitet (KAUF); Zeile ignorieren
falscher_verpasst_kauf,2026-10-02 05:59:29,GYYR,VERPASST_KAUF,,EDETAdjB1N8AARfoWWTwxeUJiNFjGAEhBv1JBePnagoh,5LjKZosDA2GeQyfbPqmYJj1Bh9ZYaQmDukuBAmrqzabc15YdUiGQpoZazugnHTCoaoGnFEZd5XZdwKcTGs4rmieD,,,Kauf wurde verarbeitet (KAUF); Zeile ignorieren
falscher_verpasst_kauf,2026-10-02 05:59:30,GYYR,VERPASST_KAUF,,EDETAdjB1N8AARfoWWTwxeUJiNFjGAEhBv1JBePnagoh,456FxJNM1xS3pbPofoqoFC8Njv2MavgaNPzuX52wD8b7d9i2qDBRbfbfvAyVpTzJfCdaZHfm7RzTq3PrB8eJ8Zj1,,,Kauf wurde verarbeitet (KAUF); Zeile ignorieren
falscher_verpasst_kauf,2026-10-02 06:43:31,Putrick,VERPASST_KAUF,,3xas9JZy5GP16YSVbq79txxnxDFZznA3TCurrJmGpump,rHQbD8qw1Qn9sWTigeo9KicWxR4V1bQf3Y29hBcD25ziB4JF5UvVPyz6DZkVjTizpYjSYXVyGweCxYNt5fVz9Xo,,,Kauf wurde verarbeitet (KAUF); Zeile ignorieren
falscher_verpasst_kauf,2026-10-02 06:43:31,Putrick,VERPASST_KAUF,,EXhBCsn2c6tcaug9o87c8TYh56YHPcQesvepKJ2YVQZ3,eD4TN7NL9TXYmawL5MScgHiiSoa54n2EH1dh4VEDqVJQScZU4217L77GDsh1GCNYH89iXijeMuqcTuqpWWtYcUN,,,Kauf wurde verarbeitet (SCHATTEN_KAUF); Zeile ignorieren
falscher_verpasst_kauf,2026-10-02 06:43:32,Putrick,VERPASST_KAUF,,EXhBCsn2c6tcaug9o87c8TYh56YHPcQesvepKJ2YVQZ3,2G1xmdZjcE336Mz9Nfi1S4QShSs2dwhiAUsYHsmTwxB2sijLk4i6XaPZTEPrPGNt4UbmEoWMLberyBeJZdv7mLTV,,,Kauf wurde verarbeitet (AUSGELASSEN); Zeile ignorieren
falscher_verpasst_kauf,2026-10-02 06:43:32,Putrick,VERPASST_KAUF,,CTyEzEC2WwUgNivmkSp6ZdqnPmBb59EyY4QmCXmFAJiy,2Xp2dAhNFuEkvhuKWWU8iK2WWDHxzUAfUGfoCX535kJGkbiHbgk5E4agjnAtYKtmbfAscC1RKBxDh2deKa4Me2y7,,,Kauf wurde verarbeitet (KAUF); Zeile ignorieren
falscher_verpasst_kauf,2026-10-02 08:15:44,Cooker,VERPASST_KAUF,,9txCZaqYaQ62nFVcEWhosWx3vTMcJMFP5YYXQ5yhBAGS,2LXxqkMncwBnocaPT4bw9NvsJE6bpFU4KjFrotqKe3g14DjxyqCTN8LvTKdyNuuCiPXPL5tDiK1Xnew6T7YcGvd4,,,Kauf wurde verarbeitet (KAUF); Zeile ignorieren
falscher_verpasst_kauf,2026-10-02 12:13:05,HEBO,VERPASST_KAUF,,FcZcFjfNPJR9rycZS1FwkiEgQTW7ZWRjdSaBdJ6M9ha6,2wnx35eed2wZ3RxpPWx8ByjP2npGdiUPxby4mhmdHgd3Ad33N76NNYAuBuxZ8zebzFT2ju8AQreKN1cJ6Ueri3w,,,Kauf wurde verarbeitet (KAUF); Zeile ignorieren
falscher_verpasst_kauf,2026-10-02 12:13:05,HEBO,VERPASST_KAUF,,Cb2pMbsRRvaeZoxpRqnTP6k6hLziSUf5pnqW9Jx5T3Wz,59Si4NJa7wXuAyBVfuiueghoDDvCEbc3uV8ChL56sph1mbQFrY8oo5ex1QkemmATaMK6wAczU3isHAsoNb8RzHP1,,,Kauf wurde verarbeitet (KAUF); Zeile ignorieren
falscher_verpasst_kauf,2026-10-02 12:13:05,HEBO,VERPASST_KAUF,,Cb2pMbsRRvaeZoxpRqnTP6k6hLziSUf5pnqW9Jx5T3Wz,5ZAXHoY2aXeqCiaN5DGcqAvrH5Wud4CZ2JJpUYa54ZrA2RjpLWDvKeVGGyqQvR5wh5keScYo3zJdwzYDwxuHpYTv,,,Kauf wurde verarbeitet (KAUF); Zeile ignorieren
falscher_verpasst_kauf,2026-10-02 12:13:08,HEBO,VERPASST_KAUF,,GiMXyfZ3h6y7v6R1UzMCCab8JhHBshjfAVG8t9XyVKSS,G47S1LP7W1yPo5zWKC5aL7ov76MrwNzqEwPWMEUAQa5Yrx7vSGSKTAbLKzQvz5viUh11xn9M2go2MuSmyCkHCnz,,,Kauf wurde verarbeitet (SCHATTEN_KAUF); Zeile ignorieren
falscher_verpasst_kauf,2026-10-02 12:13:09,HEBO,VERPASST_KAUF,,F7y94q8QvGKNCrGt6E5pgQ7ABBkQK4QkqEBGs9Y5ZFFk,5Kie7am8CQE5DZu3MJkJQ4RW6Dmmqiqbo718or8xnPMHyT1oWsqMZ1YSeKYu9FNJe1BZo2v4ZwzG2gwcETJAxRuQ,,,Kauf wurde verarbeitet (KAUF); Zeile ignorieren
falscher_verpasst_kauf,2026-10-02 12:13:09,HEBO,VERPASST_KAUF,,F7y94q8QvGKNCrGt6E5pgQ7ABBkQK4QkqEBGs9Y5ZFFk,jc7vwCLmyugF3CVEc5ee5VtZRF3d86qFRfxDta33qKnJUUT4MjACi6gVmFzEhhfbFSqijBk7kdcsvoeAPhQ21ia,,,Kauf wurde verarbeitet (KAUF); Zeile ignorieren
falscher_verpasst_kauf,2026-10-02 12:13:10,HEBO,VERPASST_KAUF,,F7y94q8QvGKNCrGt6E5pgQ7ABBkQK4QkqEBGs9Y5ZFFk,4LFWb6ruWJrTnr7bj9QupjH8agpZ58czcVX24pYJBdKJgrC3QGnDQnMfBa8kJguptyzLCqvG6h7pwNZ2e96RKf4H,,,Kauf wurde verarbeitet (KAUF); Zeile ignorieren
falscher_verpasst_kauf,2026-10-02 12:13:13,Troupe,VERPASST_KAUF,,3Z18mQS4HbEL9bFBfYM7LV9aYm4UoHikVPqmQ5zgxBs7,5F7uUCYogCTBoEKnZC6WHFygzZAetzFAotY9gXKpusRukSc5iEDTMWgYxPnQhVRGZjs6TYPU2x17J6WwKvcsLNXG,,,Kauf wurde verarbeitet (KAUF); Zeile ignorieren
falscher_verpasst_kauf,2026-10-02 12:13:13,Troupe,VERPASST_KAUF,,3Z18mQS4HbEL9bFBfYM7LV9aYm4UoHikVPqmQ5zgxBs7,2iQcjyup3SczojQZVQ6T5y1TyRUbkn22zHW4dnXMC29y5fdVf94C8VLkoF19GimcZYeQUMST4HcAscCcTP97M57M,,,Kauf wurde verarbeitet (KAUF); Zeile ignorieren
falscher_verpasst_kauf,2026-10-02 12:13:14,Troupe,VERPASST_KAUF,,GmBS66wm4C7RCXB8WiZvfdr9WsuCYxbRPNNzc3TkSTNK,29cqPQ2EEbJCF3qLsqzQvWdviEqb92MXoKWCpP4zTcAAkwCQE39kJ4wxJ7Sz7MmebaaJfHaRNiz3BDEniNQLnryY,,,Kauf wurde verarbeitet (KAUF); Zeile ignorieren
falscher_verpasst_kauf,2026-10-02 12:13:15,Troupe,VERPASST_KAUF,,4wd4fpTquEu1gLKerZfhSzthEG4qWqzwvKVDLUUfwmtx,5PDJpGJGd9he46jUoPLifXncbp4uhZbecKRYoPG4wuqVtUXz2XBPWf7U4N2xuQ1VcajhtpFdEUvEGEQwia8Mr19h,,,Kauf wurde verarbeitet (KAUF); Zeile ignorieren
falscher_verpasst_kauf,2026-10-02 12:13:17,922M,VERPASST_KAUF,,9pJWJdpPebyANys45eetpemLJo8yTz4n5B9zbpYw9ZMr,TfdzUQ6F8AJVmXei6XZppqC9ZYZH7Pg1JkEouwWPnPTxeB6gcJZoy9hhRCw158SADBrYCaKTAFoK9DatPZedm4y,,,Kauf wurde verarbeitet (KAUF); Zeile ignorieren
falscher_verpasst_kauf,2026-10-02 12:13:19,922M,VERPASST_KAUF,,CvUX4G2tzq7J3ECmNvWZLayZYV6KpgQp6SJ5K8Uvsu5g,3Ta8eqXQaw5hq1qtN9RwkbsUceQ6fsZG5GbQzeRV7wo8uUvRTE7Cn5W3NQkN4fgA1EXzjwJbD9vVqumBVtnDD45m,,,Kauf wurde verarbeitet (KAUF); Zeile ignorieren
falscher_verpasst_kauf,2026-10-02 12:13:25,922M,VERPASST_KAUF,,CNohWHNTurS7PpB55czspwUJfpk9yy92uf1wXdweEGg9,5s8LyvJah5tUuEVzEy5aSn1A71urTV6dy9Zy41FkcEkNnFdPWWSn5pfojpENqoG8bb3ZsYAe8hfmjgSwAF9bFFfh,,,Kauf wurde verarbeitet (KAUF); Zeile ignorieren
falscher_verpasst_kauf,2026-10-02 12:13:28,922M,VERPASST_KAUF,,68RUKJSkhT7Z9itn2tUhCzR7t2pbBahqjgG8qbkB5Dux,3bvtjqN3ZKwUTWCBLadk4XX38pchgnB2XqfNU92JYKzFvUv1coHdYD6xx9pgqfxTCyyffVZ24P1m2qpEzgQWRsu7,,,Kauf wurde verarbeitet (KAUF); Zeile ignorieren
falscher_verpasst_kauf,2026-10-02 12:13:31,922M,VERPASST_KAUF,,68RUKJSkhT7Z9itn2tUhCzR7t2pbBahqjgG8qbkB5Dux,3wgsS5H9joCSK2CbrHR8mUePBpkFtjsdd78YmtibDiJH5BdifTzsqHsDzRNQRdx7Q8K6verosQP87ponrQ1VZqQM,,,Kauf wurde verarbeitet (KAUF); Zeile ignorieren
falscher_verpasst_kauf,2026-10-02 12:13:34,922M,VERPASST_KAUF,,GAwhcphCqCv5bKHmCiN4VDdNWfbXJL4npmkc8L3Q9S9H,5SjBBXfWEUcXVfXLitHXEQ3DNVZ5GxC1n8dKjViN4qFeiwEMehC3CQ2SLtyoAJefT9H1Z9NukG27vyZE6izPfRTS,,,Kauf wurde verarbeitet (KAUF); Zeile ignorieren
falscher_verpasst_kauf,2026-10-02 12:13:38,922M,VERPASST_KAUF,,7VertkgF9KLhxxJXHX6uaWuoYZTP9LdGj2bWmVXVpump,4UuxbzNooYGmySCpGCPV6SqBLJpwRKWMPBVWrPm8MJGZpa4TTVHAds3HThHd4oyVDyT6DbY66XpAqtAawz32gAPW,,,Kauf wurde verarbeitet (KAUF); Zeile ignorieren
falscher_verpasst_kauf,2026-10-02 12:13:39,922M,VERPASST_KAUF,,68RUKJSkhT7Z9itn2tUhCzR7t2pbBahqjgG8qbkB5Dux,3SyrshsPMKkvQ58naB9rtAARgZzGNH98MqgUYtub6KSqCN3duqHXgghEXTQ8S1eZd972HthtmEpPqMu9xmC5AEF8,,,Kauf wurde verarbeitet (KAUF); Zeile ignorieren
falscher_verpasst_kauf,2026-10-02 12:13:40,922M,VERPASST_KAUF,,CNohWHNTurS7PpB55czspwUJfpk9yy92uf1wXdweEGg9,4h98yiNeHvjo5SoDKS7BEtJzaq8KKfxwyZ6DZUyUNTzJVXXGap6sHtrqSrpK5UKWh7WL3tuBHvKPQ5ho2qD17a7R,,,Kauf wurde verarbeitet (KAUF); Zeile ignorieren
falscher_verpasst_kauf,2026-10-02 12:13:44,922M,VERPASST_KAUF,,GAwhcphCqCv5bKHmCiN4VDdNWfbXJL4npmkc8L3Q9S9H,4k9PKZNUmrUh1cBbomjA7LUF8zAzxasdNKb5QTbo1kkJzALYwpRbDCJj6Yc9MkskyNGgrpdWiSkQLprnsaBjLZsM,,,Kauf wurde verarbeitet (KAUF); Zeile ignorieren
falscher_verpasst_kauf,2026-10-02 12:13:46,922M,VERPASST_KAUF,,XLBLxbY1Mr7aadnqAbmqSBXLEyUdjvUXtXCnz8Mpump,4unMYNicpeYCBWermvHs87iNS2Lc7wkoCXnnqT3b2aGPPRJDugE8oMHuV57yo4YGZwXXh1N6Q4mCmLFEU8DREonK,,,Kauf wurde verarbeitet (KAUF); Zeile ignorieren
falscher_verpasst_kauf,2026-10-02 12:13:46,922M,VERPASST_KAUF,,AJPertGGMDmM75fb6jiB8MPfFu61ouLDtW6UBvf3pump,3XqgUCx513VeVDzBUzUe2Q3f4U2H9fJKmQALx4tCSLwLoEBMtfLdQUE21xzHEQADzUHWE5vAfoLj2UzP4vusD891,,,Kauf wurde verarbeitet (SCHATTEN_KAUF); Zeile ignorieren
falscher_verpasst_kauf,2026-10-02 12:13:47,922M,VERPASST_KAUF,,68RUKJSkhT7Z9itn2tUhCzR7t2pbBahqjgG8qbkB5Dux,3EQHL8g2oefipE2rX9YszieaEyT6nF8RWh9ZBkYCACspEzJxkhwzQLMMtq7XCoVTEQUdP6t9oEXDyBQhRkYUpprg,,,Kauf wurde verarbeitet (KAUF); Zeile ignorieren
falscher_verpasst_kauf,2026-10-02 12:13:50,922M,VERPASST_KAUF,,GAwhcphCqCv5bKHmCiN4VDdNWfbXJL4npmkc8L3Q9S9H,5vGR7YDeFeduVRncemfeAVVQTZNthjdJA4SFx3xgrng3Yw2dWK4fzuxiqwfG3D5E58EQd1VSS8AUf19auo94uFdH,,,Kauf wurde verarbeitet (KAUF); Zeile ignorieren
falscher_verpasst_kauf,2026-10-02 12:13:52,922M,VERPASST_KAUF,,7VertkgF9KLhxxJXHX6uaWuoYZTP9LdGj2bWmVXVpump,4zfmBV2RByiEf8yY1juPiR3KmX8gWC5KLZRAiEXKHwiaBNGgxVzrfx5Jt8uHiq7fFnsMNvqGrXweNYuoqd1sQr7H,,,Kauf wurde verarbeitet (KAUF); Zeile ignorieren
falscher_verpasst_kauf,2026-10-02 12:13:53,922M,VERPASST_KAUF,,7VertkgF9KLhxxJXHX6uaWuoYZTP9LdGj2bWmVXVpump,4QKGx6TvkgcagmVsVbeK6f2nAZJRCS7L6HWCgSbcv6EvVR38H65hx9MzzJnYSMuTBkPrfsDQssRCTyj9LcVkg8Lo,,,Kauf wurde verarbeitet (KAUF); Zeile ignorieren
falscher_verpasst_kauf,2026-10-02 12:13:56,922M,VERPASST_KAUF,,6d82cCtC1LktWWgjUz5h3vMenFj5EDHLMBFvcpmvrRi,2gmRq2eqnur8hejGiNEUaSUkEGsKKHmtNyWLpjGf9CaF83LxtvhA1gzVp6KLJrPnfMncd9YZv9KC6b7nh9pBY4DC,,,Kauf wurde verarbeitet (KAUF); Zeile ignorieren
falscher_verpasst_kauf,2026-10-02 12:13:58,922M,VERPASST_KAUF,,7NELwkCyL2crujChTgtdKpR1jn2UHTe115v25rUSpump,4K8tgekjQu8N9gwymAhgxz4YfsB3gZzvsKnpeqSrHwScM7LZPZzTxGXmQViwQdBThHeArQY8PpuPyXp67RpBCqoZ,,,Kauf wurde verarbeitet (KAUF); Zeile ignorieren
falscher_verpasst_kauf,2026-10-02 12:13:59,922M,VERPASST_KAUF,,GAwhcphCqCv5bKHmCiN4VDdNWfbXJL4npmkc8L3Q9S9H,55DqAF4hfmNeFqzTcpm7Re9RVmHSWR5oGShbDPw8mgihkY8fbQXR1j5WSWm2YizD1vVtKdYp1qJu5L1FuVC7aXe6,,,Kauf wurde verarbeitet (KAUF); Zeile ignorieren
falscher_verpasst_kauf,2026-10-02 12:13:59,922M,VERPASST_KAUF,,CNohWHNTurS7PpB55czspwUJfpk9yy92uf1wXdweEGg9,kF7CxMA9PiP8iVVgfUtqfZvxw4nsNhSd9AoVbEZc781GTTxJSbL4PGD4ZVpa7ieegFi7vSr7KVqAzW1T5Gw5uL7,,,Kauf wurde verarbeitet (KAUF); Zeile ignorieren
falscher_verpasst_kauf,2026-10-02 12:14:00,922M,VERPASST_KAUF,,7VertkgF9KLhxxJXHX6uaWuoYZTP9LdGj2bWmVXVpump,2fTYAKLP4LtyTbWKpBJfbNAUvP3oAzZaHjSQ4yoeRf8TJ4Ro87qa95vDkM67rqsfSKnUnjmxbLF8UUdDv2Ekjxmt,,,Kauf wurde verarbeitet (KAUF); Zeile ignorieren
falscher_verpasst_kauf,2026-10-02 12:14:03,922M,VERPASST_KAUF,,6d82cCtC1LktWWgjUz5h3vMenFj5EDHLMBFvcpmvrRi,3JdKCVc4yqb7TbWRmDJNTR53dRrp1ALXesuY8J6MVwe9zJ6GtHRAijpfkpkMkjBJXsY8MGzd14LaCKMYHAcX6hGv,,,Kauf wurde verarbeitet (KAUF); Zeile ignorieren
falscher_verpasst_kauf,2026-10-02 12:14:06,922M,VERPASST_KAUF,,GAwhcphCqCv5bKHmCiN4VDdNWfbXJL4npmkc8L3Q9S9H,4nMCMmv4kx5Pan3FGbrVAbrQ1MyDPUzKhLtV5s26evrm1P7HzMGgWhKHrvKFNZk4e7XCTgN2XwBqRy8bQYAxKPyT,,,Kauf wurde verarbeitet (KAUF); Zeile ignorieren
falscher_verpasst_kauf,2026-10-02 12:14:36,Cooker,VERPASST_KAUF,,9txCZaqYaQ62nFVcEWhosWx3vTMcJMFP5YYXQ5yhBAGS,2LXxqkMncwBnocaPT4bw9NvsJE6bpFU4KjFrotqKe3g14DjxyqCTN8LvTKdyNuuCiPXPL5tDiK1Xnew6T7YcGvd4,,,Kauf wurde verarbeitet (KAUF); Zeile ignorieren
falscher_verpasst_kauf,2026-10-02 17:58:41,ENKM,VERPASST_KAUF,,CNohWHNTurS7PpB55czspwUJfpk9yy92uf1wXdweEGg9,4SvYXEZ82BcbdZ1aiJpMUF1Y8NG39EMPXGUtR96s9f9sF5AGzXKwNFpP5YryBkNNr1Sxho11UN8GuefHc83aCRBb,,,Kauf wurde verarbeitet (KAUF); Zeile ignorieren
falscher_verpasst_kauf,2026-10-02 17:58:44,Cooker,VERPASST_KAUF,,63cLwBB6qoddBxqp56wqjXwyBkDoYy4HghtUuAfcpump,RQT2Y4FXgN9VzP3mvMBUnjMgixEKFtW2jmvGM1CwcLFWfuh4KnPfK3g2yyfHThbGDqxYGs1veEjPXCHb3mVyg5W,,,Kauf wurde verarbeitet (KAUF); Zeile ignorieren
falscher_verpasst_kauf,2026-10-02 17:58:45,Cooker,VERPASST_KAUF,,63cLwBB6qoddBxqp56wqjXwyBkDoYy4HghtUuAfcpump,5AA1BAoPFhSkBuRL4gg6vyVWUEaHjoHTjZSbMgvdufwnGt1K4iQRXjVWfaQ48D48gtgBaRrvhVyNpyKYjrpkMifu,,,Kauf wurde verarbeitet (KAUF); Zeile ignorieren
falscher_verpasst_kauf,2026-10-02 17:58:45,Cooker,VERPASST_KAUF,,63cLwBB6qoddBxqp56wqjXwyBkDoYy4HghtUuAfcpump,543bPvbmqGsyBEEcqReGA93grtKBsh3ppCEArwXJF4tQVpu7iUHiULQT7aoQGkXrpszNZs9iQN5j4YnBAyMFLk1e,,,Kauf wurde verarbeitet (KAUF); Zeile ignorieren
falscher_verpasst_kauf,2026-10-02 17:58:46,Cooker,VERPASST_KAUF,,ETXqxfVoPN9f1qX1EV9qPWNqYuu5TUUUXMUM4SsniJga,666r5vVQSWNZyP16Tq8RAtWaW28SSqtpe1Yg7SscwdbPqymCdHSGJzTUA6VqkLScvAMA3jAw8tKnNHw1si1n847S,,,Kauf wurde verarbeitet (KAUF); Zeile ignorieren
falscher_verpasst_kauf,2026-10-02 17:58:46,Cooker,VERPASST_KAUF,,ETXqxfVoPN9f1qX1EV9qPWNqYuu5TUUUXMUM4SsniJga,3f3MMPHGMn5pq8XaWDK9TN4U7wiJyrAKsZY1ZnKFUztePvLSPAo6Y2kBZwMKT6S8f3TvUHahrgWyDeTfnoDtEPQ3,,,Kauf wurde verarbeitet (KAUF); Zeile ignorieren
falscher_verpasst_kauf,2026-10-02 17:58:46,Cooker,VERPASST_KAUF,,ETXqxfVoPN9f1qX1EV9qPWNqYuu5TUUUXMUM4SsniJga,5aAg7RT2Q6jmK46tGhb9LPUperJPAcW6D5wFTNigCWPnFBXWhpE77pNqsM4WAzwrDa18y1BHQmoPqJVCmeaF2kTo,,,Kauf wurde verarbeitet (SCHATTEN_KAUF); Zeile ignorieren
falscher_verpasst_kauf,2026-10-02 17:58:47,Cooker,VERPASST_KAUF,,ETXqxfVoPN9f1qX1EV9qPWNqYuu5TUUUXMUM4SsniJga,27xfk3mw48QNB9GzaPowsVmm4Lsd4mCAfbibh682gx9MRLZ7zjSvA4aemP55Z4AG1EBWtcSeFmjZiiVWseSqsZ9E,,,Kauf wurde verarbeitet (SCHATTEN_KAUF); Zeile ignorieren
falscher_verpasst_kauf,2026-10-02 17:58:47,Cooker,VERPASST_KAUF,,ETXqxfVoPN9f1qX1EV9qPWNqYuu5TUUUXMUM4SsniJga,2SG8uaiWHEmUYZpYtpHqdDSASBhBB1mYhY7P1uvkp8hLQT6mkqjsFFUGXUPNgKv9NbQuNy4Lpiqkvh8jjroJtqw1,,,Kauf wurde verarbeitet (SCHATTEN_KAUF); Zeile ignorieren
falscher_verpasst_kauf,2026-10-02 17:58:47,Cooker,VERPASST_KAUF,,ETXqxfVoPN9f1qX1EV9qPWNqYuu5TUUUXMUM4SsniJga,5itXkYxnJQFvFyxdfEUCUKLEiNLqZdtvuZdf8iv2xBPX3ttjrD4oQQDaoHzS3NTHvBhXFHY9GZNG2KgnNQKLREts,,,Kauf wurde verarbeitet (KAUF); Zeile ignorieren
falscher_verpasst_kauf,2026-10-02 17:58:48,Cooker,VERPASST_KAUF,,ETXqxfVoPN9f1qX1EV9qPWNqYuu5TUUUXMUM4SsniJga,3MGjFchaLxLJpo2V2v8iLXCfif8XDSJzunicEooQT6hJTpysfWeo4SjCfPhDSKPvDk9yXz52DUAf8vobH3yHjAHK,,,Kauf wurde verarbeitet (KAUF); Zeile ignorieren
falscher_verpasst_kauf,2026-10-02 17:58:48,Cooker,VERPASST_KAUF,,ETXqxfVoPN9f1qX1EV9qPWNqYuu5TUUUXMUM4SsniJga,4VqTj1V8Arkt4BLao8RRVBzVLMqMAfFLswSn7soxjG6Nz2LGDxs4mpa2xjUSR5kG6wm2o1RLFZ8B42oip8AFjGCZ,,,Kauf wurde verarbeitet (AUSGELASSEN); Zeile ignorieren
falscher_verpasst_kauf,2026-10-02 17:58:48,Cooker,VERPASST_KAUF,,ETXqxfVoPN9f1qX1EV9qPWNqYuu5TUUUXMUM4SsniJga,4EPuVUapy8sFCoDkzJnLhtaMcHxZ21p92kuu1fbh1Rk33d5FJDYTciKavkpHTcsUmdYn3757Ktf2AY8NTn2Y1cFg,,,Kauf wurde verarbeitet (AUSGELASSEN); Zeile ignorieren
falscher_verpasst_kauf,2026-10-02 17:58:49,Cooker,VERPASST_KAUF,,DEW9dSN6QpWyNthphCpMmAbZP1Q4cEKR9xQXAri98WDP,2XJQ1iYoNaVLiZgoTWLqxNozHgt8ZjcBXTY6NwGXfYstxY4dLWxSHpjVFzccYsAtgfzEDmTyPFeBe6E9XtwkYy5y,,,Kauf wurde verarbeitet (KAUF); Zeile ignorieren
falscher_verpasst_kauf,2026-10-02 17:58:50,Cooker,VERPASST_KAUF,,FDf62cXoMU5tiu8BGWhQx9smmW5ZuyRnx72LyUQopump,2ASeWj79grfEiptgZ9haZcy4NT5BtLxn6xxdHaVdCFBxnP2GCAuhXYq7BwafLPCjEvQr2WSKPio33YtyHd6ivqFh,,,Kauf wurde verarbeitet (AUSGELASSEN); Zeile ignorieren
falscher_verpasst_kauf,2026-10-02 17:58:51,Cooker,VERPASST_KAUF,,FDf62cXoMU5tiu8BGWhQx9smmW5ZuyRnx72LyUQopump,4rxVF2GdzQ9c3Z9CnvX2wgKewphvArNijnRA3ozRwEprXuVSKeYeAga4Nxs5o5PFnrMMfCyDvtYjA5VQYWoRxqMk,,,Kauf wurde verarbeitet (KAUF); Zeile ignorieren
falscher_verpasst_kauf,2026-10-02 17:58:51,Cooker,VERPASST_KAUF,,FDf62cXoMU5tiu8BGWhQx9smmW5ZuyRnx72LyUQopump,5R9ShtL1uPRuK5q4ojRCQZ2dHuBVJSfSsmRZy1YJKyX9aaZB1netJC4iQnvHaB2YKjxhuCz6Dab9XBp29uNy34Me,,,Kauf wurde verarbeitet (KAUF); Zeile ignorieren
falscher_verpasst_kauf,2026-10-02 17:58:52,Cooker,VERPASST_KAUF,,FBwFdB8tKVPNbpJzdwNSufCJ52urSznPPB2ZpnFApump,torCaQteofg1jgRHkSpTPJXDG4NKhieykGZEmgruZQcvTSMJsuJjz4hi4VuKsgKGBSAMoBo3vGcbN5t4EqXnMj9,,,Kauf wurde verarbeitet (SCHATTEN_KAUF); Zeile ignorieren
falscher_verpasst_kauf,2026-10-02 17:58:53,Cooker,VERPASST_KAUF,,FHdxi5H9gvfA5Dp56M8nWC9jruDtcPKT3sg7wmongHPo,aWufcvakaRbitXTJnJzdtJhudPYefqruywhuSe6bbsBv9zXw3xZKg5GrKUpVA3HveVXJVSZehbBULe8FigmtHLa,,,Kauf wurde verarbeitet (KAUF); Zeile ignorieren
falscher_verpasst_kauf,2026-10-02 17:58:54,Cooker,VERPASST_KAUF,,6CXkUVfvj2VL42E88W6UsrDMrgt7tjZDWUoy5fw9pump,5Za62DpDQ9oHkrj4jVVmnt61dCHYAV51EXWKUTY53HGLT1DeEYun8Wbmc7s8rGd79w4i3KUKFGcdydCg7nJmBDKR,,,Kauf wurde verarbeitet (AUSGELASSEN); Zeile ignorieren
falscher_verpasst_kauf,2026-10-02 17:58:55,Cooker,VERPASST_KAUF,,4FEXdgtoxPtyHoYyiyu28zKdMFmrmSqri4AMzWoNpump,3GvdV3k4zPUKSTfQgorp8JexpnNBgzbPprQDerRnke4TMywfL2GNn9rbiojvpoygQHyM2RV8f2NSHYPT5Cyji6ej,,,Kauf wurde verarbeitet (SCHATTEN_KAUF); Zeile ignorieren
falscher_verpasst_kauf,2026-10-02 17:58:55,Cooker,VERPASST_KAUF,,4FEXdgtoxPtyHoYyiyu28zKdMFmrmSqri4AMzWoNpump,5jCPfr1LrkEZZrtzhExb8zQyr8ncEtqaMx89cfFVuEJVB5K6JrMf7oSmkfrgbsJLEtxsfF2tRz5aGgTvaZy4tPZ6,,,Kauf wurde verarbeitet (KAUF); Zeile ignorieren
falscher_verpasst_kauf,2026-10-02 17:58:56,Cooker,VERPASST_KAUF,,5SpHjzJLVvYGMTXuhX7B6FZSMRzmEoaMvu4FofZopump,2v51P229FRvbFTyPXhXB8KcruiTqMounJ5JY8gi9DTYXWH7xBrxidhUYBeaWzbcGhbjUpECtD7aSUAJ7M7rQWdDh,,,Kauf wurde verarbeitet (AUSGELASSEN); Zeile ignorieren
falscher_verpasst_kauf,2026-10-02 17:59:00,Cooker,VERPASST_KAUF,,8ATBRFAaTkxM64YHoPLzU4gbonQ9Rm36fTxbV7uu251B,4aU7hpbLogsRpvzcqDNQXWr2H79nkjavaK9mEPU12sXvSDQKwTMyhi5aKDxVxcguytfqrSiqnn9cnKA6tVLdwRRe,,,Kauf wurde verarbeitet (SCHATTEN_KAUF); Zeile ignorieren
falscher_verpasst_kauf,2026-10-02 17:59:01,Cooker,VERPASST_KAUF,,5RTLKELq71XjPiao5GZNfUtavTK2xgFK6USWEZhgDR4f,3a5PvdeSZKv932jSqeCzRr6eAJyptN9aiy6uF6ZWBWwMZqLr75tKw4u5K7U89iw567YF6UpF8SL2tm6PJNwVKRW5,,,Kauf wurde verarbeitet (KAUF); Zeile ignorieren
falscher_verpasst_kauf,2026-10-02 17:59:01,Cooker,VERPASST_KAUF,,5RTLKELq71XjPiao5GZNfUtavTK2xgFK6USWEZhgDR4f,4rPhRbMhMdB8x1vv7Ktp8pwatJYJ9rzPiXmkahTf5hhwZgfyVCsDiwrWZczqVVQoYhxmmrrbTkkerkPs2qrGacuR,,,Kauf wurde verarbeitet (SCHATTEN_KAUF); Zeile ignorieren
falscher_verpasst_kauf,2026-10-02 17:59:02,Cooker,VERPASST_KAUF,,5RTLKELq71XjPiao5GZNfUtavTK2xgFK6USWEZhgDR4f,3ZMN2BissWEPFjaME3NUymk9LTyYz4XiUaNmqk7FqNFGEKhkgYspheco7DnYQ2F91AGWzBwM1WNDTvS2ncz5WM7q,,,Kauf wurde verarbeitet (SCHATTEN_KAUF); Zeile ignorieren
falscher_verpasst_kauf,2026-10-02 18:35:44,6ANG,VERPASST_KAUF,,4XEhLBij9ZYMtZQrPUW7DkQnGSPvhcxRMNrVPhGCz3uN,4oRVWtfsXWwkVqtAjtTR9DDctGCwGapMjhDpsKdKLyZQRRUi2yfrCnhLk3hSaDTAimuhtGgqGLv3TVnihmnK4VZc,,,Kauf wurde verarbeitet (KAUF); Zeile ignorieren
falscher_verpasst_kauf,2026-10-02 18:35:46,6ANG,VERPASST_KAUF,,Ei6F15xWRAJTsW6XCWMQuoqQFBAKt7PD6Qy6q27HcMuH,51oqwtXUZz9KX6yCeyxwEtG4qYitgDfrQC7CRnJ9qszUBpb4mhS2S7Qumy1x39ekfnJaAs6mugn5V2GfRU8XvBBU,,,Kauf wurde verarbeitet (SCHATTEN_KAUF); Zeile ignorieren
falscher_verpasst_kauf,2026-10-02 18:35:46,6ANG,VERPASST_KAUF,,AoebTEdxUgccw3wvB8YKJYjdzmh8nYeeCUqQrvVpy5sr,AKBb43Dd4g3KQTq6x5LGtFFTcwqUP5Knc7JHk6PEQCk1y7i4A3FZQBmu6RcEzBCVRK4n48MpdnnKFubEYejqDye,,,Kauf wurde verarbeitet (AUSGELASSEN); Zeile ignorieren
falscher_verpasst_kauf,2026-10-02 18:35:50,6ANG,VERPASST_KAUF,,9SsxXJ4HMZKgwC3m5nJw5EsjHHBH3iu2vswnQ4ZXpf7x,513XXCMpjdeavvGSxhkLUXg3Bv4RpGa8kBBxD6DTKP31sGHJHxCcBee79Gf9TMPKfScim9ABgSChs2kahYhc6jBa,,,Kauf wurde verarbeitet (KAUF); Zeile ignorieren
falscher_verpasst_kauf,2026-10-02 18:35:52,HEBO,VERPASST_KAUF,,E23yJgvohJsQxeUm4LWnGM6FHGG9NFAwH5Hz1YZ5STNK,cobw9ciQyUuzsjgVRHrggtDe66L1Rmjjec8dJi9Pw5cxWQekizsNk9ecBvhN1rWPtyPRchGTUFqCnUPzgbP5TuN,,,Kauf wurde verarbeitet (KAUF); Zeile ignorieren
falscher_verpasst_kauf,2026-10-02 18:35:53,HEBO,VERPASST_KAUF,,DQxG8fJbgAdX8h2D56Cu9cLHPc7G5xSTj84vZNH6pump,ykS8QAUrscJfgVL1vrZjC1mbANUqj1HDSxjmprhvu1cEmXmy3qeBNCEXDsQF668E8vwZouefp51LwAzDMfvt3k2,,,Kauf wurde verarbeitet (KAUF); Zeile ignorieren
falscher_verpasst_kauf,2026-10-02 18:35:53,HEBO,VERPASST_KAUF,,DQxG8fJbgAdX8h2D56Cu9cLHPc7G5xSTj84vZNH6pump,4YDdL7VqAsii8YFsdQb9yVBXbT3gmeLLJXchh616hx7tvNuKaQX8tRzd6TNfV2QymZtWTooJAP6C94SK2dR2XrgN,,,Kauf wurde verarbeitet (KAUF); Zeile ignorieren
falscher_verpasst_kauf,2026-10-02 18:35:54,HEBO,VERPASST_KAUF,,DQxG8fJbgAdX8h2D56Cu9cLHPc7G5xSTj84vZNH6pump,2a7mZoHe7YQ2ywfcYFfqqVME7ZoQpFt9mD56bHr32uLTuW7Ka6fdZMohkB7S4bSfMtv8Yhpz5wjfxWvGjNtdr2uQ,,,Kauf wurde verarbeitet (KAUF); Zeile ignorieren
falscher_verpasst_kauf,2026-10-02 18:35:54,HEBO,VERPASST_KAUF,,DQxG8fJbgAdX8h2D56Cu9cLHPc7G5xSTj84vZNH6pump,56m2UremstAa3ivZKGxzFDF2vpXpjw24ZHWWBLq5HMC4rtC6SfdNh8oAJVZdwpv1VqEh7K4e1NQ74pWpRaRqpiCf,,,Kauf wurde verarbeitet (SCHATTEN_KAUF); Zeile ignorieren
falscher_verpasst_kauf,2026-10-02 18:35:54,HEBO,VERPASST_KAUF,,Cb2pMbsRRvaeZoxpRqnTP6k6hLziSUf5pnqW9Jx5T3Wz,2jJanqMKxRNLZ7d5UjeqsYvE8AeFXcCivN7iBXrxirKw3gF92xTDuudjeigfqVXCF9KyFra6xsJgDKXfTpRy3DN6,,,Kauf wurde verarbeitet (KAUF); Zeile ignorieren
falscher_verpasst_kauf,2026-10-02 18:37:14,4DOV,VERPASST_KAUF,,6jmJbuPy6m5ZqvwbvGp21iT3b7ebG6AEhsy4jER2LYFm,5K9moDQthBbR2pcFiZqfCaQM7eU2MUqxaS2kFNLLgPHz1htpB4oKQeXDTMYn6e4emM2j6riaCvwXsSC9qxMiA56e,,,Kauf wurde verarbeitet (AUSGELASSEN); Zeile ignorieren
falscher_verpasst_kauf,2026-10-02 18:37:14,4DOV,VERPASST_KAUF,,6jmJbuPy6m5ZqvwbvGp21iT3b7ebG6AEhsy4jER2LYFm,2V4jVqcWbriLUZ5sKYEoY4RcZ5x6gvTkkr861HH82wJxqDtMKFv6EVHwMLLnrY4pj7zj9bxQxoGPpjvJoLYmtU2p,,,Kauf wurde verarbeitet (AUSGELASSEN); Zeile ignorieren
falscher_verpasst_kauf,2026-10-02 18:37:15,4DOV,VERPASST_KAUF,,6jmJbuPy6m5ZqvwbvGp21iT3b7ebG6AEhsy4jER2LYFm,5pUo3GTo87MQbGfaQgvdRsGJzhSeDKgWQYdj6qbkW4Uea1BAfvJWrZFuhRcq3BPXTWWcxcrTMSgP6H2ivbx1A3JQ,,,Kauf wurde verarbeitet (AUSGELASSEN); Zeile ignorieren
falscher_verpasst_kauf,2026-10-02 18:37:15,4DOV,VERPASST_KAUF,,C1mBfBoDkwWfd6uTFZp62ARHLjeVp3bDpCDMfMZtPngE,LN3QNKyEEiV6YN7zrekbJGtD5qyz5WeRjftHY15KspC2FXvBdJzZtZnCt1f6gwC85bQRQ7bqEPYPrtGNgv9b2SG,,,Kauf wurde verarbeitet (KAUF); Zeile ignorieren
falscher_verpasst_kauf,2026-10-02 18:37:15,4DOV,VERPASST_KAUF,,C1mBfBoDkwWfd6uTFZp62ARHLjeVp3bDpCDMfMZtPngE,4cs52fL8x6nJbaMSjaWqhjtfkqLZshJ3TYbTaE4AYkCDrJCmXAZj3kiSRxTP8xLSqvkXSTmXvhxqVYqEjpR2afWe,,,Kauf wurde verarbeitet (KAUF); Zeile ignorieren
falscher_verpasst_kauf,2026-10-02 18:37:16,4DOV,VERPASST_KAUF,,C1mBfBoDkwWfd6uTFZp62ARHLjeVp3bDpCDMfMZtPngE,5UYCg4UgNRErbwFKCFaqMvjNXK46Ue2t3j1EgSkh3czTriVJ1LoiS5unhaVAZFjaCbPcjEcP7DSEyTwY17wVJEoe,,,Kauf wurde verarbeitet (KAUF); Zeile ignorieren
falscher_verpasst_kauf,2026-10-02 18:37:17,Cooker,VERPASST_KAUF,,EvWBcuTu2rDt3usyX49tiPBhA11miaRvXQiecFFspump,2K5vUF58LZaTpGssyJg39zE72nt3FcmDJcMP2pUMeCybg1N8PiK5cytMouVzficTY1C6pRXwg3F1yEnnQYcj7AA3,,,Kauf wurde verarbeitet (SCHATTEN_KAUF); Zeile ignorieren
falscher_verpasst_kauf,2026-10-02 18:37:18,Cooker,VERPASST_KAUF,,Fgc6meFzbvjkX721Q43e5oE4VKbC2GnWmSEXF1NPpump,44EANyAGMhy85rfummoUWVDpaAVR2Uwux17qbS5x6Nw6ncTpfNMBmDrzPHjBgSMMgFVaM3u1F3gKt7Hj8QeJvSfq,,,Kauf wurde verarbeitet (AUSGELASSEN); Zeile ignorieren
falscher_verpasst_kauf,2026-10-02 18:37:18,Cooker,VERPASST_KAUF,,Fgc6meFzbvjkX721Q43e5oE4VKbC2GnWmSEXF1NPpump,nJsHcaAaPhKVJ8Z6YNdK6b9KBUYYb1hwLtXRU7oUwjrLdQcHYfQmZzY2DSR6n1jxZoZM3Gx3K4rY8jfMntV2c5i,,,Kauf wurde verarbeitet (KAUF); Zeile ignorieren
falscher_verpasst_kauf,2026-10-02 18:37:19,Cooker,VERPASST_KAUF,,HfbdLsFm9tZWiNa1WG3jxaTPMkxzSNF2caVQqhZ9R69w,2CFHKo62CnM7PVRoUqDhLEXVSuK4BuxcDxM55koxAHQzUSGzANDNBBjS1QBZpmmVmh7t98sN51bRaukEm7X6PQbN,,,Kauf wurde verarbeitet (AUSGELASSEN); Zeile ignorieren
falscher_verpasst_kauf,2026-10-02 18:37:20,Cooker,VERPASST_KAUF,,5ccr3ea2Xni4WrNN2eeamEAhztzR2LWew66U2qyqpump,25M4LUSjAQ9gGQLvvScGXqS8GzhacEX2WoxqbGZ3bbRrmii59GUBBG13khveWSZ3vsp5Ycs97hfx8cJwzyEVjVPm,,,Kauf wurde verarbeitet (AUSGELASSEN); Zeile ignorieren
falscher_verpasst_kauf,2026-10-02 18:37:23,Cooker,VERPASST_KAUF,,9mmsKjxNWCZ1x1Tb7aoS4KM1nXb2cGUZPv99uavgpump,cw8Cm25vRx4ye7HUzW7KQxLMxfKidqW9v6FjkW7aYaBWkf1EhVnj1eUz8Q3i4LbvGkJpCDaAnc2jVF5kX5raGd8,,,Kauf wurde verarbeitet (SCHATTEN_KAUF); Zeile ignorieren
falscher_verpasst_kauf,2026-10-02 18:37:24,Cooker,VERPASST_KAUF,,9mmsKjxNWCZ1x1Tb7aoS4KM1nXb2cGUZPv99uavgpump,CgE4SbDQ7ynujjXCkgQnEKUYcF3rFYXaj98WRzp1qdzZzFeygJqimg1bmv1hTsybroipLkqboDeyZERUEAd91rJ,,,Kauf wurde verarbeitet (KAUF); Zeile ignorieren
falscher_verpasst_kauf,2026-10-02 18:37:25,Cooker,VERPASST_KAUF,,Cq38mfB97oGfE9S9nQTfLiYwrfj1KZ6BZi2xmrMgpump,27mUjAFUkw7z3NDuHMCWuHpxMRsH8eidAmjjA47o6SVBZyYAnz3CSNgeDeuWa43KdEZfp7XLEqyp3bWGwqHpSu4w,,,Kauf wurde verarbeitet (SCHATTEN_KAUF); Zeile ignorieren
falscher_verpasst_kauf,2026-10-02 18:37:25,Cooker,VERPASST_KAUF,,Cq38mfB97oGfE9S9nQTfLiYwrfj1KZ6BZi2xmrMgpump,47WyuEqoqvct9TEJTSXKXGdi8MA2HkxZx8PpzQKtjHT5amR9YZZbsBqrptQfc6JmGSHW5YF8vR96mnNijATZFs2G,,,Kauf wurde verarbeitet (KAUF); Zeile ignorieren
falscher_verpasst_kauf,2026-10-02 18:37:26,Cooker,VERPASST_KAUF,,HALALKi46jnRSoBgkKPtyACHzE6S1VPTw1S25vpVJPNB,2r1S5rviD3uBqtWyvWHgWCCrP3jPzg5TDH7Rb25MS9VjNNtUK8WEjMeqKyLynrQRom6HBNKfCqQEjnJrmhTejTKp,,,Kauf wurde verarbeitet (KAUF); Zeile ignorieren
falscher_verpasst_kauf,2026-10-02 18:37:26,Cooker,VERPASST_KAUF,,HALALKi46jnRSoBgkKPtyACHzE6S1VPTw1S25vpVJPNB,CE678awrW16RbnCDQHEQgXqjg5icN5peGyDE7AkvPCeiWd2ggtcHrSbw29hDFSeZWDL5Z2ggjADap6RvAPvJFMH,,,Kauf wurde verarbeitet (SCHATTEN_KAUF); Zeile ignorieren
falscher_verpasst_kauf,2026-10-02 18:37:39,Pikalosi,VERPASST_KAUF,,DmKyZphsnyDGb87cgC3BA4TqNYv5uFEuDJ4x49G9pump,3wDTPnRk1Ba8YxYhs3XrBvrCswiCkqM2qsCPoGGhRdQRvzNbcUEuLHmM3rPzmcmnasbWqwE9T6ZARsUwQC3GYAsb,,,Kauf wurde verarbeitet (KAUF); Zeile ignorieren
falscher_verpasst_kauf,2026-10-02 18:37:39,Pikalosi,VERPASST_KAUF,,DmKyZphsnyDGb87cgC3BA4TqNYv5uFEuDJ4x49G9pump,4xE1Rqe1KFQetXQ4JqBvGng9dGne4LZaDfY7vwshYRw18w9m769MEJuKpBGLzADysgU7odzuVPTGRoQ8wXSbfwrZ,,,Kauf wurde verarbeitet (KAUF); Zeile ignorieren
falscher_verpasst_kauf,2026-10-02 18:37:40,Pikalosi,VERPASST_KAUF,,DmKyZphsnyDGb87cgC3BA4TqNYv5uFEuDJ4x49G9pump,49qPhi2DnWUde6eBHiT8MpLqizFDruCiW7pTNgdrXKCDzkyaVpkNc1FcKm2WXCq6xwNY4NF78gvWPVgDSBUvN7pG,,,Kauf wurde verarbeitet (KAUF); Zeile ignorieren
falscher_verpasst_kauf,2026-10-02 18:37:41,Pikalosi,VERPASST_KAUF,,4i7iRDRVRxB1jCPYqPkqNHvY1e6MZrbam1T34i9Bpump,3SwyPLJM7tfx2it6o3JtqyrtmaByGQmgx9wPGManSfaDv7o2gCyZBdhjrbgqsqPyX72FFrSBb7tTV5sVaVrGUtaZ,,,Kauf wurde verarbeitet (KAUF); Zeile ignorieren
falscher_verpasst_kauf,2026-10-02 18:37:41,Pikalosi,VERPASST_KAUF,,4i7iRDRVRxB1jCPYqPkqNHvY1e6MZrbam1T34i9Bpump,4Yjb3wV8rNSphZ1WDWcKLQH3BhexvFxCF2qzwNN4csDZhL5QNT36mMnUfa3to7zSSBzyqXeKL5kHKf4fR3fPwSLj,,,Kauf wurde verarbeitet (KAUF); Zeile ignorieren
falscher_verpasst_kauf,2026-10-02 18:37:46,3zsr,VERPASST_KAUF,,656K9k6qYU53zScrdnbHZUTXqYUo85GYu7JaW2V8HYxV,mfwVouQHkwnYaJPRMf2Mj9X4zHCD5rcHPH3xA6bNaCi4A9YYma2Apa8CrW4Qzpor1M8WUJ1kbfEBp7EzqWhcNeX,,,Kauf wurde verarbeitet (AUSGELASSEN); Zeile ignorieren
falscher_verpasst_kauf,2026-10-02 19:15:03,6ANG,VERPASST_KAUF,,4XEhLBij9ZYMtZQrPUW7DkQnGSPvhcxRMNrVPhGCz3uN,4oRVWtfsXWwkVqtAjtTR9DDctGCwGapMjhDpsKdKLyZQRRUi2yfrCnhLk3hSaDTAimuhtGgqGLv3TVnihmnK4VZc,,,Kauf wurde verarbeitet (KAUF); Zeile ignorieren
falscher_verpasst_kauf,2026-10-02 19:15:05,6ANG,VERPASST_KAUF,,Ei6F15xWRAJTsW6XCWMQuoqQFBAKt7PD6Qy6q27HcMuH,51oqwtXUZz9KX6yCeyxwEtG4qYitgDfrQC7CRnJ9qszUBpb4mhS2S7Qumy1x39ekfnJaAs6mugn5V2GfRU8XvBBU,,,Kauf wurde verarbeitet (SCHATTEN_KAUF); Zeile ignorieren
falscher_verpasst_kauf,2026-10-02 19:15:06,6ANG,VERPASST_KAUF,,AoebTEdxUgccw3wvB8YKJYjdzmh8nYeeCUqQrvVpy5sr,AKBb43Dd4g3KQTq6x5LGtFFTcwqUP5Knc7JHk6PEQCk1y7i4A3FZQBmu6RcEzBCVRK4n48MpdnnKFubEYejqDye,,,Kauf wurde verarbeitet (AUSGELASSEN); Zeile ignorieren
falscher_verpasst_kauf,2026-10-02 19:15:09,6ANG,VERPASST_KAUF,,9SsxXJ4HMZKgwC3m5nJw5EsjHHBH3iu2vswnQ4ZXpf7x,513XXCMpjdeavvGSxhkLUXg3Bv4RpGa8kBBxD6DTKP31sGHJHxCcBee79Gf9TMPKfScim9ABgSChs2kahYhc6jBa,,,Kauf wurde verarbeitet (KAUF); Zeile ignorieren
falscher_verpasst_kauf,2026-10-02 19:15:11,HEBO,VERPASST_KAUF,,E23yJgvohJsQxeUm4LWnGM6FHGG9NFAwH5Hz1YZ5STNK,cobw9ciQyUuzsjgVRHrggtDe66L1Rmjjec8dJi9Pw5cxWQekizsNk9ecBvhN1rWPtyPRchGTUFqCnUPzgbP5TuN,,,Kauf wurde verarbeitet (KAUF); Zeile ignorieren
falscher_verpasst_kauf,2026-10-02 19:15:12,HEBO,VERPASST_KAUF,,DQxG8fJbgAdX8h2D56Cu9cLHPc7G5xSTj84vZNH6pump,ykS8QAUrscJfgVL1vrZjC1mbANUqj1HDSxjmprhvu1cEmXmy3qeBNCEXDsQF668E8vwZouefp51LwAzDMfvt3k2,,,Kauf wurde verarbeitet (KAUF); Zeile ignorieren
falscher_verpasst_kauf,2026-10-02 19:15:13,HEBO,VERPASST_KAUF,,DQxG8fJbgAdX8h2D56Cu9cLHPc7G5xSTj84vZNH6pump,4YDdL7VqAsii8YFsdQb9yVBXbT3gmeLLJXchh616hx7tvNuKaQX8tRzd6TNfV2QymZtWTooJAP6C94SK2dR2XrgN,,,Kauf wurde verarbeitet (KAUF); Zeile ignorieren
falscher_verpasst_kauf,2026-10-02 19:15:13,HEBO,VERPASST_KAUF,,DQxG8fJbgAdX8h2D56Cu9cLHPc7G5xSTj84vZNH6pump,2a7mZoHe7YQ2ywfcYFfqqVME7ZoQpFt9mD56bHr32uLTuW7Ka6fdZMohkB7S4bSfMtv8Yhpz5wjfxWvGjNtdr2uQ,,,Kauf wurde verarbeitet (KAUF); Zeile ignorieren
falscher_verpasst_kauf,2026-10-02 19:15:13,HEBO,VERPASST_KAUF,,DQxG8fJbgAdX8h2D56Cu9cLHPc7G5xSTj84vZNH6pump,56m2UremstAa3ivZKGxzFDF2vpXpjw24ZHWWBLq5HMC4rtC6SfdNh8oAJVZdwpv1VqEh7K4e1NQ74pWpRaRqpiCf,,,Kauf wurde verarbeitet (SCHATTEN_KAUF); Zeile ignorieren
falscher_verpasst_kauf,2026-10-02 19:15:14,HEBO,VERPASST_KAUF,,Cb2pMbsRRvaeZoxpRqnTP6k6hLziSUf5pnqW9Jx5T3Wz,2jJanqMKxRNLZ7d5UjeqsYvE8AeFXcCivN7iBXrxirKw3gF92xTDuudjeigfqVXCF9KyFra6xsJgDKXfTpRy3DN6,,,Kauf wurde verarbeitet (KAUF); Zeile ignorieren
falscher_verpasst_kauf,2026-10-02 19:15:17,HEBO,VERPASST_KAUF,,DQxG8fJbgAdX8h2D56Cu9cLHPc7G5xSTj84vZNH6pump,2dBW6EU1Fu4pWEAqe1C6135X2RAh1Tve1cRoyj5NkHPKAF3Js7FdwMPxsUwZcas1WMQmA5kNyDYvpC5YcUtZv7Ho,,,Kauf wurde verarbeitet (KAUF); Zeile ignorieren
falscher_verpasst_kauf,2026-10-02 19:15:17,HEBO,VERPASST_KAUF,,DQxG8fJbgAdX8h2D56Cu9cLHPc7G5xSTj84vZNH6pump,5XcH2Pb7sbdYdqFot5LbFaT2EmdkJJLLwyD8dAJDQS6M1MCCwd7eEfoDrYEYU22R58GMTgHbDaSAyeb8sDjvZ5JJ,,,Kauf wurde verarbeitet (KAUF); Zeile ignorieren
falscher_verpasst_kauf,2026-10-02 19:15:18,HEBO,VERPASST_KAUF,,FynBFhUGUh7CkDRaVm5konfTv18a8e9LSDZLVHMmSUET,5JUTTTprDVsPE7bPLTf39KqMfT8rajLCrV9sCZTwc5rAcwcZKrRpoeuQo6gNseD4zKBcvnabJGEqfZLArChuc9XX,,,Kauf wurde verarbeitet (KAUF); Zeile ignorieren
falscher_verpasst_kauf,2026-10-02 19:15:19,HEBO,VERPASST_KAUF,,DQxG8fJbgAdX8h2D56Cu9cLHPc7G5xSTj84vZNH6pump,4EraaUQVZi7BGDTxg2ucLVx4uQwbCeGX8ZP3ZUsvfT1mHFPRSb1LR6kRvzRBRDGe1RKq5FdeRUJAZqVuLn32XecY,,,Kauf wurde verarbeitet (KAUF); Zeile ignorieren
falscher_verpasst_kauf,2026-10-02 19:15:21,HEBO,VERPASST_KAUF,,2zNDBDwdUHA3VufD9RrjqV9igVm58ETDfds4Jvhopump,YzsuJBRHZiub29Yu9c6VzGBTLt6m1iZziVoHghnpL22hofQSv387zoPoX2PM1XcjvbNr3uBYADaeNirXDAZwCQv,,,Kauf wurde verarbeitet (KAUF); Zeile ignorieren
falscher_verpasst_kauf,2026-10-02 19:15:26,922M,VERPASST_KAUF,,CNohWHNTurS7PpB55czspwUJfpk9yy92uf1wXdweEGg9,4fE1o4tned6UZaQXURgViErm8hFSY7SH3YEy8rsfZxzujzsQD3yUk5QYp2fXNd2GRWWsdujjKJxE7AxXsg4VKxAQ,,,Kauf wurde verarbeitet (KAUF); Zeile ignorieren
falscher_verpasst_kauf,2026-10-02 19:15:34,922M,VERPASST_KAUF,,CNohWHNTurS7PpB55czspwUJfpk9yy92uf1wXdweEGg9,24KEK6rBZCV2TM9zLTojik9mZ7FNatKyvjvZciie58CFPGQG8SCPyA42fyPChXHYp47YQoVYvKhHMUy52uZkgDPQ,,,Kauf wurde verarbeitet (KAUF); Zeile ignorieren
falscher_verpasst_kauf,2026-10-02 19:15:36,922M,VERPASST_KAUF,,68RUKJSkhT7Z9itn2tUhCzR7t2pbBahqjgG8qbkB5Dux,2D3TJUVEcFeXFTPDB2ch5mqWd7o8w4ST4AzfJVC4sBbQdGLeNkf6QypZkdQWV5JCvLJnRUM2TtZq5ByNFaUXX8L7,,,Kauf wurde verarbeitet (KAUF); Zeile ignorieren
falscher_verpasst_kauf,2026-10-02 19:15:41,922M,VERPASST_KAUF,,CNohWHNTurS7PpB55czspwUJfpk9yy92uf1wXdweEGg9,3xazeUkBX73brWew7skpDJS3nL1BWff9mP7fPNtbmHDJZTJ4gYzosDKg15foW4f66B16ea18ftn1J3t1D3SbGP6v,,,Kauf wurde verarbeitet (KAUF); Zeile ignorieren
falscher_verpasst_kauf,2026-10-02 19:15:43,922M,VERPASST_KAUF,,9aqmJjCnnMQv42TXLk921ceUkN35nea2QP969n1caqjj,4pNG1cMGMp3AsV6jVA3fMsUyNtAZpBj7ETapd2ZYmk5mXkhvLBKTGM1szDMQUGmYojgsh4trBvdTJuUD37t6GSVW,,,Kauf wurde verarbeitet (KAUF); Zeile ignorieren
falscher_verpasst_kauf,2026-10-02 19:15:44,922M,VERPASST_KAUF,,CNohWHNTurS7PpB55czspwUJfpk9yy92uf1wXdweEGg9,2BrvTzrP4mRui3vPNAg3XbUkKeDNYFeCuEydcWm1U8SZRhWrKSAzTtLiRDcmZyET7GvxaFsMCjDghDC8m3BHhTiS,,,Kauf wurde verarbeitet (KAUF); Zeile ignorieren
falscher_verpasst_kauf,2026-10-02 19:16:02,922M,VERPASST_KAUF,,DyrjPqqqTdcqg6NCuRDpMtoE9knDdPbRtXhghgPXnPw8,3KF3UewJoK4tkJMEVrSbu2P7D91FSb7CH4qhvVeHRRHAhP3GhC3PkZ9KV51PHfVeDriJChYRa9VH3FxNVCJrHH4n,,,Kauf wurde verarbeitet (KAUF); Zeile ignorieren
falscher_verpasst_kauf,2026-10-02 19:16:06,922M,VERPASST_KAUF,,CNohWHNTurS7PpB55czspwUJfpk9yy92uf1wXdweEGg9,oiFmm2QVn11j4gKdh291eQWfep79bq7DjN7hpdjYCuaHE6NC8cSvxL59ji571cjpj7VczkYeZaASzm7PF9dMbwb,,,Kauf wurde verarbeitet (KAUF); Zeile ignorieren
falscher_verpasst_kauf,2026-10-02 19:16:08,922M,VERPASST_KAUF,,CNohWHNTurS7PpB55czspwUJfpk9yy92uf1wXdweEGg9,5qQxwbHDzUosjrmSshFE23pDvF2pYwgLeU2BHiMPQPmtqs2y3eKUq5xS6MjrfFhH3jDrTmUo9mg8JDovqXHXLdoy,,,Kauf wurde verarbeitet (KAUF); Zeile ignorieren
falscher_verpasst_kauf,2026-10-02 19:16:15,922M,VERPASST_KAUF,,CNohWHNTurS7PpB55czspwUJfpk9yy92uf1wXdweEGg9,2B8XjED44W6bmdGk97z2fFdVBEkYMzSRrFXK3GQYauMXJdicx1Hekm4XsKyw1AhHNeL3GqCq3jHdRDYwDFxS3HTi,,,Kauf wurde verarbeitet (KAUF); Zeile ignorieren
falscher_verpasst_kauf,2026-10-02 19:16:16,922M,VERPASST_KAUF,,CNohWHNTurS7PpB55czspwUJfpk9yy92uf1wXdweEGg9,qTZcmTR8o8aWWjbdcWQvFbbPziYvBSpre5csZVSLQibWpgQ7TsmSZu5kMPyCmCaRG48aP8rgnHuY6DLLYNGGxWS,,,Kauf wurde verarbeitet (KAUF); Zeile ignorieren
falscher_verpasst_kauf,2026-10-02 19:16:22,922M,VERPASST_KAUF,,68RUKJSkhT7Z9itn2tUhCzR7t2pbBahqjgG8qbkB5Dux,4T7rvGuRYCzkTg3dDLo88uxHjKKUzXLCpmKzh5NyR31CeTwjdnTqPYtkH4YG1n8AojiznRjPdLgkEXM8EzcLycaD,,,Kauf wurde verarbeitet (KAUF); Zeile ignorieren
falscher_verpasst_kauf,2026-10-02 19:16:27,922M,VERPASST_KAUF,,CNohWHNTurS7PpB55czspwUJfpk9yy92uf1wXdweEGg9,3akUXQ7veD7c88UEYxfNemWoHzuyNrPdwQ6fZCc39kWZ7LTv6SxGZNTFQTZZKYrSVuL7UTzTFcwZiJ7DVneaCYx7,,,Kauf wurde verarbeitet (KAUF); Zeile ignorieren
falscher_verpasst_kauf,2026-10-02 19:16:36,922M,VERPASST_KAUF,,CNohWHNTurS7PpB55czspwUJfpk9yy92uf1wXdweEGg9,J1Pze5futfzfmaNStcbUWCCoBWZtQ4hgiYEvXZS1z4gxWKywFsSUuRPoEpXS2ryc47eUQ5iRA7tNu6GpxYmG5ts,,,Kauf wurde verarbeitet (KAUF); Zeile ignorieren
falscher_verpasst_kauf,2026-10-02 19:16:42,922M,VERPASST_KAUF,,6d82cCtC1LktWWgjUz5h3vMenFj5EDHLMBFvcpmvrRi,23aLkjKyH5X74BQ8Bp8Ae1wpepjwt35N4xZzr4faaEz2yw4exPXiYa4DWLrxgAbbbDE1nTBzKegy5YXgC6Xhxw9C,,,Kauf wurde verarbeitet (KAUF); Zeile ignorieren
falscher_verpasst_kauf,2026-10-02 19:16:49,4DOV,VERPASST_KAUF,,6jmJbuPy6m5ZqvwbvGp21iT3b7ebG6AEhsy4jER2LYFm,5K9moDQthBbR2pcFiZqfCaQM7eU2MUqxaS2kFNLLgPHz1htpB4oKQeXDTMYn6e4emM2j6riaCvwXsSC9qxMiA56e,,,Kauf wurde verarbeitet (AUSGELASSEN); Zeile ignorieren
falscher_verpasst_kauf,2026-10-02 19:16:50,4DOV,VERPASST_KAUF,,6jmJbuPy6m5ZqvwbvGp21iT3b7ebG6AEhsy4jER2LYFm,2V4jVqcWbriLUZ5sKYEoY4RcZ5x6gvTkkr861HH82wJxqDtMKFv6EVHwMLLnrY4pj7zj9bxQxoGPpjvJoLYmtU2p,,,Kauf wurde verarbeitet (AUSGELASSEN); Zeile ignorieren
falscher_verpasst_kauf,2026-10-02 19:16:50,4DOV,VERPASST_KAUF,,6jmJbuPy6m5ZqvwbvGp21iT3b7ebG6AEhsy4jER2LYFm,5pUo3GTo87MQbGfaQgvdRsGJzhSeDKgWQYdj6qbkW4Uea1BAfvJWrZFuhRcq3BPXTWWcxcrTMSgP6H2ivbx1A3JQ,,,Kauf wurde verarbeitet (AUSGELASSEN); Zeile ignorieren
falscher_verpasst_kauf,2026-10-02 19:16:50,4DOV,VERPASST_KAUF,,C1mBfBoDkwWfd6uTFZp62ARHLjeVp3bDpCDMfMZtPngE,LN3QNKyEEiV6YN7zrekbJGtD5qyz5WeRjftHY15KspC2FXvBdJzZtZnCt1f6gwC85bQRQ7bqEPYPrtGNgv9b2SG,,,Kauf wurde verarbeitet (KAUF); Zeile ignorieren
falscher_verpasst_kauf,2026-10-02 19:16:51,4DOV,VERPASST_KAUF,,C1mBfBoDkwWfd6uTFZp62ARHLjeVp3bDpCDMfMZtPngE,4cs52fL8x6nJbaMSjaWqhjtfkqLZshJ3TYbTaE4AYkCDrJCmXAZj3kiSRxTP8xLSqvkXSTmXvhxqVYqEjpR2afWe,,,Kauf wurde verarbeitet (KAUF); Zeile ignorieren
falscher_verpasst_kauf,2026-10-02 19:16:51,4DOV,VERPASST_KAUF,,C1mBfBoDkwWfd6uTFZp62ARHLjeVp3bDpCDMfMZtPngE,5UYCg4UgNRErbwFKCFaqMvjNXK46Ue2t3j1EgSkh3czTriVJ1LoiS5unhaVAZFjaCbPcjEcP7DSEyTwY17wVJEoe,,,Kauf wurde verarbeitet (KAUF); Zeile ignorieren
falscher_verpasst_kauf,2026-10-02 19:16:52,4DOV,VERPASST_KAUF,,93mEUXxZNyWGqp6ZHsEgfVLrSGeyUYaBu1b8h7s6uWJn,5VV9Uyog581puitfsVAvhWiPgPv7Lr66ZC9Uj1RMnWpL7gBBsvWvwpUkP8MesAs5rFBjvSYcWZfSHeMXitgUVj7Q,,,Kauf wurde verarbeitet (AUSGELASSEN); Zeile ignorieren
falscher_verpasst_kauf,2026-10-02 19:17:09,Cooker,VERPASST_KAUF,,EvWBcuTu2rDt3usyX49tiPBhA11miaRvXQiecFFspump,2K5vUF58LZaTpGssyJg39zE72nt3FcmDJcMP2pUMeCybg1N8PiK5cytMouVzficTY1C6pRXwg3F1yEnnQYcj7AA3,,,Kauf wurde verarbeitet (SCHATTEN_KAUF); Zeile ignorieren
falscher_verpasst_kauf,2026-10-02 19:17:10,Cooker,VERPASST_KAUF,,Fgc6meFzbvjkX721Q43e5oE4VKbC2GnWmSEXF1NPpump,44EANyAGMhy85rfummoUWVDpaAVR2Uwux17qbS5x6Nw6ncTpfNMBmDrzPHjBgSMMgFVaM3u1F3gKt7Hj8QeJvSfq,,,Kauf wurde verarbeitet (AUSGELASSEN); Zeile ignorieren
falscher_verpasst_kauf,2026-10-02 19:17:10,Cooker,VERPASST_KAUF,,Fgc6meFzbvjkX721Q43e5oE4VKbC2GnWmSEXF1NPpump,nJsHcaAaPhKVJ8Z6YNdK6b9KBUYYb1hwLtXRU7oUwjrLdQcHYfQmZzY2DSR6n1jxZoZM3Gx3K4rY8jfMntV2c5i,,,Kauf wurde verarbeitet (KAUF); Zeile ignorieren
falscher_verpasst_kauf,2026-10-02 19:17:11,Cooker,VERPASST_KAUF,,HfbdLsFm9tZWiNa1WG3jxaTPMkxzSNF2caVQqhZ9R69w,2CFHKo62CnM7PVRoUqDhLEXVSuK4BuxcDxM55koxAHQzUSGzANDNBBjS1QBZpmmVmh7t98sN51bRaukEm7X6PQbN,,,Kauf wurde verarbeitet (AUSGELASSEN); Zeile ignorieren
falscher_verpasst_kauf,2026-10-02 19:17:12,Cooker,VERPASST_KAUF,,5ccr3ea2Xni4WrNN2eeamEAhztzR2LWew66U2qyqpump,25M4LUSjAQ9gGQLvvScGXqS8GzhacEX2WoxqbGZ3bbRrmii59GUBBG13khveWSZ3vsp5Ycs97hfx8cJwzyEVjVPm,,,Kauf wurde verarbeitet (AUSGELASSEN); Zeile ignorieren
falscher_verpasst_kauf,2026-10-02 19:17:15,Cooker,VERPASST_KAUF,,9mmsKjxNWCZ1x1Tb7aoS4KM1nXb2cGUZPv99uavgpump,cw8Cm25vRx4ye7HUzW7KQxLMxfKidqW9v6FjkW7aYaBWkf1EhVnj1eUz8Q3i4LbvGkJpCDaAnc2jVF5kX5raGd8,,,Kauf wurde verarbeitet (SCHATTEN_KAUF); Zeile ignorieren
falscher_verpasst_kauf,2026-10-02 19:17:16,Cooker,VERPASST_KAUF,,9mmsKjxNWCZ1x1Tb7aoS4KM1nXb2cGUZPv99uavgpump,CgE4SbDQ7ynujjXCkgQnEKUYcF3rFYXaj98WRzp1qdzZzFeygJqimg1bmv1hTsybroipLkqboDeyZERUEAd91rJ,,,Kauf wurde verarbeitet (KAUF); Zeile ignorieren
falscher_verpasst_kauf,2026-10-02 19:17:16,Cooker,VERPASST_KAUF,,Cq38mfB97oGfE9S9nQTfLiYwrfj1KZ6BZi2xmrMgpump,27mUjAFUkw7z3NDuHMCWuHpxMRsH8eidAmjjA47o6SVBZyYAnz3CSNgeDeuWa43KdEZfp7XLEqyp3bWGwqHpSu4w,,,Kauf wurde verarbeitet (SCHATTEN_KAUF); Zeile ignorieren
falscher_verpasst_kauf,2026-10-02 19:17:17,Cooker,VERPASST_KAUF,,Cq38mfB97oGfE9S9nQTfLiYwrfj1KZ6BZi2xmrMgpump,47WyuEqoqvct9TEJTSXKXGdi8MA2HkxZx8PpzQKtjHT5amR9YZZbsBqrptQfc6JmGSHW5YF8vR96mnNijATZFs2G,,,Kauf wurde verarbeitet (KAUF); Zeile ignorieren
falscher_verpasst_kauf,2026-10-02 19:17:17,Cooker,VERPASST_KAUF,,HALALKi46jnRSoBgkKPtyACHzE6S1VPTw1S25vpVJPNB,2r1S5rviD3uBqtWyvWHgWCCrP3jPzg5TDH7Rb25MS9VjNNtUK8WEjMeqKyLynrQRom6HBNKfCqQEjnJrmhTejTKp,,,Kauf wurde verarbeitet (KAUF); Zeile ignorieren
falscher_verpasst_kauf,2026-10-02 19:17:18,Cooker,VERPASST_KAUF,,HALALKi46jnRSoBgkKPtyACHzE6S1VPTw1S25vpVJPNB,CE678awrW16RbnCDQHEQgXqjg5icN5peGyDE7AkvPCeiWd2ggtcHrSbw29hDFSeZWDL5Z2ggjADap6RvAPvJFMH,,,Kauf wurde verarbeitet (SCHATTEN_KAUF); Zeile ignorieren
falscher_verpasst_kauf,2026-10-02 19:17:21,Cooker,VERPASST_KAUF,,7uQifGdUTZpx26rnEcBbdPNBNGWdxwCLUuUC9aC3aJxc,36cEgJot4XviVAbNmHePAFa7kE6yCJpy7GdnBW45udMA6ma34KiV1fwrkaN8r7K46ZQrzsCeqv2kKgMZPyU3pykL,,,Kauf wurde verarbeitet (KAUF); Zeile ignorieren
falscher_verpasst_kauf,2026-10-02 19:17:21,Cooker,VERPASST_KAUF,,7uQifGdUTZpx26rnEcBbdPNBNGWdxwCLUuUC9aC3aJxc,4oGXT7YLwvsJ3sF7DD8nvxmkkGTs2HnfXNLVAyLfQQ6TE67Gv3aWeCpB37skNiasYEX5qHFma7oHoYPwhhpgRNx8,,,Kauf wurde verarbeitet (KAUF); Zeile ignorieren
falscher_verpasst_kauf,2026-10-02 19:17:21,Cooker,VERPASST_KAUF,,3ETAyPgdp1hEPYY7Sn5zKnAW5wjhLhAjVo6ybwr1uTxf,2XfNMfPq5RJR4tYj8NRLiewRu381PbwtmRx4Ajhdc2Bbzk9ePCwkR3ZAzr4QdF6wNPuUbKuHRRT7C3GtbMBzWkCk,,,Kauf wurde verarbeitet (KAUF); Zeile ignorieren
falscher_verpasst_kauf,2026-10-02 19:17:22,Cooker,VERPASST_KAUF,,D52weBQ119STxZ5tqoM3RxR2E9to3JxKjw4vFd9vsQtP,5F1wexjuMFnxkGr3umNdQxd54QPYnwQByfL7dv1a37tLoepRskDiSVUprnDuDCL6igQM7XH39HKSic7UXtzJXMJw,,,Kauf wurde verarbeitet (SCHATTEN_KAUF); Zeile ignorieren
falscher_verpasst_kauf,2026-10-02 19:17:23,Cooker,VERPASST_KAUF,,EJeZzxJ6MJfnU3iHtzoUXhi3mwdW4GyWBnbS8zPapump,G1KFHC4en4eQqWcPWzBw1jQF1fLVigXGCp95H3LWo3xWttSGUaV4WUNFBF74u9jRsKRkg6kq914aWefQPTEFQ7w,,,Kauf wurde verarbeitet (AUSGELASSEN); Zeile ignorieren
falscher_verpasst_kauf,2026-10-02 19:17:24,Cooker,VERPASST_KAUF,,3DitZL6Fds11z4JoQ3qUZ3QbFi8T2XpgHoF7wXEypump,2JZ6BqmSShoefDXNr3yYk9uQSnXTbBSx3YFDYwRCuNT7pWMLHDkMcsiadoVUbtLz7WFSQ6rePDBkDFDicATVCsj5,,,Kauf wurde verarbeitet (AUSGELASSEN); Zeile ignorieren
falscher_verpasst_kauf,2026-10-02 19:17:25,Cooker,VERPASST_KAUF,,J4XFDezZN6qmr9EsGncUuUpZ9SuAuivpRUR6oWTppump,4mms3FhycwekhpycyQDZNZr77wFX25E5tmtSo2uwxSv94B5yfj3sQhT1HpRixXRFytCE6vKBz42Y5ewPNscRqTsd,,,Kauf wurde verarbeitet (SCHATTEN_KAUF); Zeile ignorieren
falscher_verpasst_kauf,2026-10-02 19:17:26,Cooker,VERPASST_KAUF,,J4XFDezZN6qmr9EsGncUuUpZ9SuAuivpRUR6oWTppump,3sf5Gc4cvQi52TXVQcmwNxZNx2d1Fnu9SnZSN1xQ7CEoykExF5DJpHbo11m7tgjtY4KQ3QJFZYC2yGxkxMHUXx7L,,,Kauf wurde verarbeitet (SCHATTEN_KAUF); Zeile ignorieren
falscher_verpasst_kauf,2026-10-02 19:17:47,Pikalosi,VERPASST_KAUF,,DmKyZphsnyDGb87cgC3BA4TqNYv5uFEuDJ4x49G9pump,3wDTPnRk1Ba8YxYhs3XrBvrCswiCkqM2qsCPoGGhRdQRvzNbcUEuLHmM3rPzmcmnasbWqwE9T6ZARsUwQC3GYAsb,,,Kauf wurde verarbeitet (KAUF); Zeile ignorieren
falscher_verpasst_kauf,2026-10-02 19:17:48,Pikalosi,VERPASST_KAUF,,DmKyZphsnyDGb87cgC3BA4TqNYv5uFEuDJ4x49G9pump,4xE1Rqe1KFQetXQ4JqBvGng9dGne4LZaDfY7vwshYRw18w9m769MEJuKpBGLzADysgU7odzuVPTGRoQ8wXSbfwrZ,,,Kauf wurde verarbeitet (KAUF); Zeile ignorieren
falscher_verpasst_kauf,2026-10-02 19:17:48,Pikalosi,VERPASST_KAUF,,DmKyZphsnyDGb87cgC3BA4TqNYv5uFEuDJ4x49G9pump,49qPhi2DnWUde6eBHiT8MpLqizFDruCiW7pTNgdrXKCDzkyaVpkNc1FcKm2WXCq6xwNY4NF78gvWPVgDSBUvN7pG,,,Kauf wurde verarbeitet (KAUF); Zeile ignorieren
falscher_verpasst_kauf,2026-10-02 19:17:49,Pikalosi,VERPASST_KAUF,,4i7iRDRVRxB1jCPYqPkqNHvY1e6MZrbam1T34i9Bpump,3SwyPLJM7tfx2it6o3JtqyrtmaByGQmgx9wPGManSfaDv7o2gCyZBdhjrbgqsqPyX72FFrSBb7tTV5sVaVrGUtaZ,,,Kauf wurde verarbeitet (KAUF); Zeile ignorieren
falscher_verpasst_kauf,2026-10-02 19:17:49,Pikalosi,VERPASST_KAUF,,4i7iRDRVRxB1jCPYqPkqNHvY1e6MZrbam1T34i9Bpump,4Yjb3wV8rNSphZ1WDWcKLQH3BhexvFxCF2qzwNN4csDZhL5QNT36mMnUfa3to7zSSBzyqXeKL5kHKf4fR3fPwSLj,,,Kauf wurde verarbeitet (KAUF); Zeile ignorieren
falscher_verpasst_kauf,2026-10-02 19:17:56,Dior,VERPASST_KAUF,,H4KUxsEgCp2yDpFvyDuGM5k6XevSKKrrKUxZ3Zr6nyJc,4aPVVYFrGLVRTAUhdmpc4NMVWyvdrUzXDLmnjoqmiik5mJtgZaxvqqbWAF7yqtcajAddmTfHQAmNGzjycE549H5r,,,Kauf wurde verarbeitet (KAUF); Zeile ignorieren
falscher_verpasst_kauf,2026-10-02 19:17:58,3zsr,VERPASST_KAUF,,656K9k6qYU53zScrdnbHZUTXqYUo85GYu7JaW2V8HYxV,mfwVouQHkwnYaJPRMf2Mj9X4zHCD5rcHPH3xA6bNaCi4A9YYma2Apa8CrW4Qzpor1M8WUJ1kbfEBp7EzqWhcNeX,,,Kauf wurde verarbeitet (AUSGELASSEN); Zeile ignorieren
falscher_verpasst_kauf,2026-10-02 19:17:59,3zsr,VERPASST_KAUF,,4CK77ArAKXEwVu146aXtyckrCyC7BZVZmY9Jzn3PKbuV,dHjhHGGq4TZ9mmztJ6XH1oniJ9P6pVsf7nmJxGJZHtWiGNtBRHfakFaeShxorjxG3Ed1hHSyZZvZoeNNiwZNbGN,,,Kauf wurde verarbeitet (AUSGELASSEN); Zeile ignorieren
falscher_verpasst_kauf,2026-10-03 01:00:47,922M,VERPASST_KAUF,,5tV3Lfx8WNE63ZfCUWnBoFBwe8v6idUhuqg9ipDsDJyy,3WoBvBsgqHnLUwiv8sPg7UBpxCZapBPCtwvdtydanEaPJCoaA3HqvAnfQuv6q7uYqHKLzjApxEfoXD8t85hBapvY,,,Kauf wurde verarbeitet (KAUF); Zeile ignorieren
doppelt_gemerkt,2026-10-01 19:18:41,AFYP,VERKAUF_GEMERKT,e/acc,CbcyNo7m1amFWqEQm2m4PLv1UNvpcL3C1Ujm6AkzpKoU,sctydnaACvjJhKDPqPNFVMnL6KSZDFhULwaDut7Bx2Za5itGws8tNbFvRRpukJW3rp6HfNtsuetD4GrFPJUgm9Y,,,2. Vormerkung derselben Signatur; Zeile ignorieren (kein Geldfluss)
doppelt_gemerkt,2026-10-02 12:13:18,922M,VERKAUF_GEMERKT,Agency,7VertkgF9KLhxxJXHX6uaWuoYZTP9LdGj2bWmVXVpump,2Titq6xfWvtjsjpijLNdriZR1gd5CvGW6EoJkho3UsmKXUYLEr1Rnr47YXMwMAAxoHT19DQQ1kBRTnfc6jKpktJQ,,,2. Vormerkung derselben Signatur; Zeile ignorieren (kein Geldfluss)
doppelt_gemerkt,2026-10-02 12:13:24,922M,VERKAUF_GEMERKT,Agency,7VertkgF9KLhxxJXHX6uaWuoYZTP9LdGj2bWmVXVpump,5rQdKs83799nWaBcykdDMHNPtKh8XoT3Fw33XPFKfS9aZ5XNVMoMegiVVDmVPFNZoDc5mTbfcg4cZNtD5fsiMFtR,,,2. Vormerkung derselben Signatur; Zeile ignorieren (kein Geldfluss)
doppelt_gemerkt,2026-10-02 12:13:30,922M,VERKAUF_GEMERKT,Agency,7VertkgF9KLhxxJXHX6uaWuoYZTP9LdGj2bWmVXVpump,Za3Vbb5NPpUYz8VsiaVFyCFgRhGcxmvwX5cQDWwqQH9hTE6wNBcVPfNZbA7VHGBT8cocDfgit1UEPVprrva52ni,,,2. Vormerkung derselben Signatur; Zeile ignorieren (kein Geldfluss)
doppelt_gemerkt,2026-10-02 19:15:27,922M,VERKAUF_GEMERKT,SGI,68RUKJSkhT7Z9itn2tUhCzR7t2pbBahqjgG8qbkB5Dux,4eKxiNMqbXweEBzPmVGVzt6tqEcuso6RoDz2snEWLE2DtJ2HviwWjWtuw7unSKWYyKohkvSFnevucLCBZi6ehjAZ,,,2. Vormerkung derselben Signatur; Zeile ignorieren (kein Geldfluss)
doppelt_gemerkt,2026-10-02 19:15:28,922M,VERKAUF_GEMERKT,CATGPT,CNohWHNTurS7PpB55czspwUJfpk9yy92uf1wXdweEGg9,4a2VBi83JkyTVFa4R7bwvStwzFxcYNkCdDSpAJzwqaF3iQzfZxSsmCFBHLiSRDVivJNPht5J2fpd8RtjrkGwQSuf,,,2. Vormerkung derselben Signatur; Zeile ignorieren (kein Geldfluss)
doppelt_gemerkt,2026-10-02 19:15:31,922M,VERKAUF_GEMERKT,SGI,68RUKJSkhT7Z9itn2tUhCzR7t2pbBahqjgG8qbkB5Dux,28CHn6tWXupWJiZHqpkC5uo7X3hoGyqe5vZZiqhpwGGJEF7tAkRrQFb4WZdKdjNZ78XNbgw7tnwd5qn886QViKKZ,,,2. Vormerkung derselben Signatur; Zeile ignorieren (kein Geldfluss)
doppelt_gemerkt,2026-10-02 19:15:33,922M,VERKAUF_GEMERKT,CATGPT,CNohWHNTurS7PpB55czspwUJfpk9yy92uf1wXdweEGg9,5ZZzqzT3Q43nLuifFTJnK55eyKWzPUJmiXxThcRcex6kTwB1aia83PYdCczfdRxZZPK51qejC42pSEJcRiDfm4oq,,,2. Vormerkung derselben Signatur; Zeile ignorieren (kein Geldfluss)
doppelt_gemerkt,2026-10-02 19:15:37,922M,VERKAUF_GEMERKT,SGI,68RUKJSkhT7Z9itn2tUhCzR7t2pbBahqjgG8qbkB5Dux,yKRhMrxKEavFedGpsTMEBiRfjdp3HLYsfoXuF7Lw32B1BKE2ihG5K2t9FM4rYLwMDihQp1AMqnhMRXCB3nTnT1J,,,2. Vormerkung derselben Signatur; Zeile ignorieren (kein Geldfluss)
doppelt_gemerkt,2026-10-02 19:15:45,922M,VERKAUF_GEMERKT,SGI,68RUKJSkhT7Z9itn2tUhCzR7t2pbBahqjgG8qbkB5Dux,NwnhPCjdFHgH4emfQnnYsTB41TaAZbtCQzUhwzXA2sVfVExTXjS4j23WhuEBqgbfXTqq7jASN9J9rcypfGfPL1k,,,2. Vormerkung derselben Signatur; Zeile ignorieren (kein Geldfluss)
doppelt_gemerkt,2026-10-02 19:15:48,922M,VERKAUF_GEMERKT,SGI,68RUKJSkhT7Z9itn2tUhCzR7t2pbBahqjgG8qbkB5Dux,4c5dsdhMBXhqkXmmfVCC4xiVh1hNAvLfjDYzKFSDPvFngjNhwimmGWNdrGhEpWgNfHeNhZWmEC9UcQubpT9rmuN3,,,2. Vormerkung derselben Signatur; Zeile ignorieren (kein Geldfluss)
doppelt_gemerkt,2026-10-02 19:15:52,922M,VERKAUF_GEMERKT,SGI,68RUKJSkhT7Z9itn2tUhCzR7t2pbBahqjgG8qbkB5Dux,UjWQ9YFEPhZs8fjxCQGB5jHwHpRcDPaNCWrQBPXmnV8654XgF4bU7qgcvA3kQSPJQcSjkRtanCDsjFJ18EZgXpp,,,2. Vormerkung derselben Signatur; Zeile ignorieren (kein Geldfluss)
doppelt_gemerkt,2026-10-02 19:15:55,922M,VERKAUF_GEMERKT,SGI,68RUKJSkhT7Z9itn2tUhCzR7t2pbBahqjgG8qbkB5Dux,36kdYoV7ZqvX8JtUQfiESLWnuEYBeaumkmpsxSz8PbhmJY8n6WTLiHvCpCbmn3J6peNQfLFFt6BH6PYJUzRHePZk,,,2. Vormerkung derselben Signatur; Zeile ignorieren (kein Geldfluss)
doppelt_gemerkt,2026-10-02 19:15:59,922M,VERKAUF_GEMERKT,SGI,68RUKJSkhT7Z9itn2tUhCzR7t2pbBahqjgG8qbkB5Dux,5v9UboWSyd7AzYJBNoUm8zv6C88wTa6hWv8sn6iMcKenzv1GZ2zo3euvTfpDtNjyU4acf1wo4FRoeSk3sMCpYoyq,,,2. Vormerkung derselben Signatur; Zeile ignorieren (kein Geldfluss)
doppelt_gemerkt,2026-10-02 19:16:01,922M,VERKAUF_GEMERKT,SGI,68RUKJSkhT7Z9itn2tUhCzR7t2pbBahqjgG8qbkB5Dux,2yb4rUENqnCNii6Qxp4mFumMLVNeAupRZbJkFPzCPthbE22rnzJa7XQgCYurXTy7xbJ3pT4R5DG2D7wRQc9r91o7,,,2. Vormerkung derselben Signatur; Zeile ignorieren (kein Geldfluss)
doppelt_gemerkt,2026-10-02 19:16:04,922M,VERKAUF_GEMERKT,SGI,68RUKJSkhT7Z9itn2tUhCzR7t2pbBahqjgG8qbkB5Dux,5UxZR7XLiw81S5ways8t6bUWECGBrM1kvAdbEmbijWiumaCMh7cLby3LxjQDtZbMqJDgMrHvKqwQPKnkEUv1JCVN,,,2. Vormerkung derselben Signatur; Zeile ignorieren (kein Geldfluss)
doppelt_gemerkt,2026-10-02 19:16:07,922M,VERKAUF_GEMERKT,SGI,68RUKJSkhT7Z9itn2tUhCzR7t2pbBahqjgG8qbkB5Dux,4sz5AqLTRgmsGGc8TKahHQvtsUgMwBrGpou8GzRQ5fvZ8zcHq4u4bvWLRa6RVjQsN21mBu1cK6zpUBLCt6rhZZ3v,,,2. Vormerkung derselben Signatur; Zeile ignorieren (kein Geldfluss)
doppelt_gemerkt,2026-10-02 19:16:43,922M,VERKAUF_GEMERKT,BANDIT,JCX5nDG99k1CWB9AttJ3U57NmjSgnCoagFaZhqfEf7Ah,4udN8RhAs7YrQPd7XjLbRgYtAhGYSbWJwAxgEf2Nwxxgst3ESizPkV3FUUi5apwM8MWxYwfnDwRE8Trk4UJkE2Kt,,,2. Vormerkung derselben Signatur; Zeile ignorieren (kein Geldfluss)
doppelt_gemerkt,2026-10-02 19:16:44,922M,VERKAUF_GEMERKT,MODEL,DyrjPqqqTdcqg6NCuRDpMtoE9knDdPbRtXhghgPXnPw8,PmuEDYApeShP2ZEY8SdoinLj9YHE6jZVHEHakP7K9vfVeZfkggQrpKSMj3M8QVqagbnMM8W7hkcgxAp434p8PcY,,,2. Vormerkung derselben Signatur; Zeile ignorieren (kein Geldfluss)
doppelt_gemerkt,2026-10-02 19:16:45,922M,VERKAUF_GEMERKT,Franklin,5kcJz9yt7y2xdYccwnkU2mDS3x8zBNQiYtPk6DPWBiZr,28CECXoTwv3KEWCVqCgpoWjdJAh5kfLRL7GQaU64nQ8LdBHBmsVCK8TLW44MRNuHfcQszvQXybaxbUXqSs5gA3Qw,,,2. Vormerkung derselben Signatur; Zeile ignorieren (kein Geldfluss)
doppelt_gemerkt,2026-10-02 19:16:45,922M,VERKAUF_GEMERKT,SOCKET,XLBLxbY1Mr7aadnqAbmqSBXLEyUdjvUXtXCnz8Mpump,4cHSQrNAd45NsgE7K8y23FqB5YKQfxvoj7uwywgqyRX5xTqwCQj2moereHJ1nmQJXHCgjekU8yUCLv9E7j9tk3QW,,,2. Vormerkung derselben Signatur; Zeile ignorieren (kein Geldfluss)
doppelt_gemerkt,2026-10-02 19:16:46,922M,VERKAUF_GEMERKT,BANDIT,JCX5nDG99k1CWB9AttJ3U57NmjSgnCoagFaZhqfEf7Ah,ZMQLCTrJRs4LHFT93YHEHZDywcJFohkoziCm5QrFaGtsZF7QDmNNQdbQfp7rsoZrYuGk2bKs2emW1W4x6mJQ1cy,,,2. Vormerkung derselben Signatur; Zeile ignorieren (kein Geldfluss)
doppelt_geschlossen,2026-10-02 19:14:11,922M,VERKAUF,MODEL,DyrjPqqqTdcqg6NCuRDpMtoE9knDdPbRtXhghgPXnPw8,25W7ZNC9c9QhwUP2tDoLqVcZ2bF5qefUTBnTQcxhjhwWgQzM4gSvwG5vbZnP95DfuXmSPdDwo15CBNe7BKKx18bZ,0.094200,-0.109861,"1. Schliessung, nicht in konten.json gespeichert (Schicht abgebrochen); gueltig ist die 2. um 19:16:46; Zeile ignorieren"
verlorene_position,2026-10-02 19:14:32,Zrool,KAUF,DUGECOIN,Ay63NThhveGUuyhAqvcQYjhdkZ3am9DUUpysPnw2UBWo,4WogmF8KaNHsrvdW5chvQb4AVfScGD1M6vvEuq3FiX7Q9LwdwKC5D2NQiQDig9dfjGhG5XX75o87GsuJeBDPFpLL,0.2000,,"Kauf im Journal, Position fehlt in konten.json (Schicht abgebrochen, nicht gespeichert); Zeile ignorieren"
