zeit,wallet,quelle,coin,ergebnis,grund,punkte,tx,fehlgeschlagen,tx_pro_h,inaktiv_h,trades,kaeufe,verkaeufe,trades_pro_tag,kauf_median_sol,anteil_kaeufe_ab_0_1,coins_abgeschlossen,trefferquote,gewinn_sol,gewinn_ohne_beste_sol,beste_abgezogen,haltedauer_median_min,mini_verkaeufe_anteil,bot_gebuehr_anteil
2026-10-02 05:55:42,3xCVQ8G7wRfV4XajXPEDtvPLDhnX86NFh7XAA1ZRGms3,birdeye,HOTBOT 32.6x,bewertet,,14.672,903,0.019,0.2,0.2,24,18,6,8.0,0.002,0.28,2,1.0,15.172,15.172,0,251.8,0.0,0.04
2026-10-02 08:09:57,EBpEo62nY7CPsu9HANDw5rRw3V8NeKoPL95AvxqWkfUj,birdeye,JADODOO 7.1x,zu wenig abgeschlossene Coins,,,346,0.038,0.8,15.1,44,41,3,56.1,0.162,0.93,0,,,,0,,,,0.0,0.0
2026-10-02 10:50:54,87rRdssFiTJKY4MGARa4G5vQ31hmR7MxSmhzeaJ5AAxJ,liste,Dior,zu wenig abgeschlossene Coins,,,1000,0.284,37.2,0.1,27,24,3,84.0,2.5,0.67,1,1.0,77.965,77.965,0,2598.8,2598.8,60.5,0.0,0.63
2026-10-02 10:52:09,2T5NgDDidkvhJQg8AHDi74uCFwgp25pYFMRZXBaCUNBH,liste,Idontpaytaxes,raus,Bot (viele fehlgeschlagene Transaktionen),,1000,0.596,27.3,0.1,,,,,,,,,,,,,,,,
2026-10-02 10:52:09,64ymeD9XTAkNJgHtXgrG6JCNZmBC9fSVcmgkL54pFikE,liste,Phineas.SOL,zu wenig abgeschlossene Coins,,,1000,0.115,3.8,1.2,6,4,2,3.3,0.627,1.0,2,0.5,-0.268,-0.268,0,-8.1,-8.1,2.1,0.0,1.0
2026-10-02 10:53:25,9cdZg6xR4c9kZiqKSzqjn4QHCXNQuC9HEWBzzMJ3mzqw,liste,Pikalosi,bewertet,,27.0,1000,0.236,8.2,0.1,31,15,16,84.0,1.412,0.73,4,1.0,20.124,7.917,1,53.0,37.0,10.1,0.0,0.06
2026-10-02 10:54:41,39q2g5tTQn9n7KnuapzwS2smSx3NGYqBoea11tBjsGEt,liste,Walta,bewertet,,-43.5,1000,0.007,3.2,10.4,122,70,52,42.9,3.002,1.0,23,0.17,-85.764,-117.265,3,-20.5,-33.5,7.7,0.04,0.94
2026-10-02 10:55:56,DsqRyTUh1R37asYcVf1KdX4CNnz5DKEFmnXvgT4NfTPE,liste,Classic,bewertet,,-28.1,1000,0.013,9.3,0.1,55,25,30,143.4,1.902,1.0,18,0.22,-2.646,-6.054,3,-11.0,-18.1,1.8,0.0,1.0
2026-10-02 10:57:11,DYAn4XpAkN5mhiXkRB7dGq4Jadnx6XYgu8L5b3WGhbrt,liste,The Doc,raus,Bot (viele fehlgeschlagene Transaktionen),,1000,1.0,60000.0,-0.1,,,,,,,,,,,,,,,,
2026-10-02 10:57:12,ETU3GyrUsv6UztQJxHgsBX2UoJFmq79WJe3JyDpAqGMz,liste,MACXBT,bewertet,,-36.3,1000,0.149,9.4,0.1,72,49,23,94.0,0.5,0.96,13,0.31,2.64,-5.926,3,-10.5,-26.3,3.8,0.0,0.17
2026-10-02 10:58:28,2iPgNgss7ow3v5YFkTpzABStfjFSyG3BGvP5sZqADtFM,liste,Jdn,bewertet,,-51.1,1000,0.45,11.4,1.8,83,69,14,160.1,0.01,0.42,9,0.0,-2.107,-2.082,1,-31.2,-31.1,6.1,0.0,0.99
2026-10-02 10:59:43,99xnE2zEFi8YhmKDaikc1EvH6ELTQJppnqUwMzmpLXrs,liste,Coler,raus,Bot (viele fehlgeschlagene Transaktionen),,1000,0.936,60000.0,-0.1,,,,,,,,,,,,,,,,
2026-10-02 11:00:03,2tgUbS9UMoQD6GkDZBiqKYCURnGrSb6ocYwRABrSJUvY,birdeye,FLINT 6.1x,raus,Bot (zu hoher Takt),,1000,0.002,1783.9,-0.2,,,,,,,,,,,,,,,,
2026-10-02 11:00:01,9iLDLsjU78H3tFeKa4mK44e6d7AC1x7ZyFtVSAL6SMbo,birdeye,QCAT 6.4x,bewertet,,-1.2,316,0.016,1.1,0.8,45,18,27,40.3,1.264,1.0,6,0.33,18.096,1.644,1,-23.2,8.8,75.7,0.0,0.58
2026-10-02 11:00:01,4n6f9p8LgZTJd7mVdb2MJjfLrZoHuL7qRtqPkTgR28jm,birdeye,QCAT 6.4x,bewertet,,-15.6,1000,0.029,1.9,17.2,40,19,21,302.5,0.454,1.0,8,0.25,-0.133,-0.777,1,-7.3,-5.6,7.5,0.0,0.0
2026-10-02 11:00:02,2WezGgRW45Dba6sqFtrLTsGtahAHXUbbofpm7DZ2KLxX,birdeye,FLINT 6.1x,bewertet,,-18.5,1000,0.165,22.4,0.5,59,4,55,692.6,10.002,1.0,4,0.25,-1.109,-2.558,1,-5.5,-8.5,0.4,0.0,0.15
2026-10-02 11:00:03,2k2jJVet1SeAKvVSbvd8pZbqpaLcbMgRmYx8EhNTUJf9,birdeye,FLINT 6.1x,bewertet,,-4.2,1000,0.002,179.0,-0.1,57,28,29,1368.0,0.821,1.0,13,0.77,2.675,0.463,3,11.8,5.8,2.6,0.0,0.0
2026-10-02 11:45:05,54cbtXG6M5WsM8MaVujiH5of5Cf6rQ5U6uGbcBMCXQhj,liste,54cb…XQhj,raus,still (laenger als 24 h kein Trade),,1000,0.019,1.2,31.3,,,,,,,,,,,,,,,,
2026-10-02 11:45:06,HSeCG7T2KCTuVAARGXZuxBNZg6pas1EdJdjn7Xyy1ENB,liste,HSeC…1ENB,raus,Bot (viele fehlgeschlagene Transaktionen),,1000,1.0,60000.0,0.0,,,,,,,,,,,,,,,,
2026-10-02 11:45:06,kokoNoatozdRvYFYnut1pPbz2qX3S5fWC7H92GCPCaC,liste,koko…PCaC,bewertet,,-27.0,1000,0.033,0.8,13.6,99,50,49,4.2,1.685,1.0,37,0.27,8.372,-25.737,3,-15.2,-17.0,1.6,0.0,0.18
2026-10-02 11:46:22,haruNoSXyRo46T45XWkBtFLTv5B68Feh9kCNCyyo55N,liste,haru…o55N,bewertet,,-23.0,1000,0.021,0.8,13.7,114,57,57,4.7,1.529,0.98,41,0.34,2.007,-25.979,3,-16.7,-13.0,1.2,0.0,0.19
2026-10-02 11:47:37,3zsrxxcvJxif7eC4nRuRLg5qufxumZo4b2HNwETvuM5B,liste,3zsr…uM5B,bewertet,,-20.0,1000,0.093,1.2,19.4,123,45,78,5.1,0.501,1.0,9,0.22,0.889,-0.4,1,-12.0,-10.0,5265.5,0.0,0.75
2026-10-02 11:48:53,Eshi7tLm2yKnuwiXgHPvY2bWc5L7sRtTMXYJciizbEM9,liste,Eshi…bEM9,raus,Bot (viele fehlgeschlagene Transaktionen),,1000,0.521,3.7,16.7,,,,,,,,,,,,,,,,
2026-10-02 11:48:53,2FPk33kw4YTsmESjWwW8QoXfVwEWeQ9D5ryWuDsfYR4e,liste,2FPk…YR4e,bewertet,,-22.6,1000,0.435,2.6,-0.0,81,25,56,9.2,1.002,1.0,14,0.64,3.445,-3.527,3,2.6,-12.6,1.8,0.11,1.0
2026-10-02 11:50:09,C7bFqgUrJ1EE4fNAmuSeqvU6VnaCEYnPg2agAWUVV2fF,liste,C7bF…V2fF,bewertet,,-20.9,1000,0.152,1.1,22.4,26,13,13,5.3,1.296,1.0,9,0.44,6.253,-2.827,1,-2.1,-10.9,124.1,0.0,0.12
2026-10-02 11:51:25,43NuJHyvehsGzMLxN7E7pkxCVv9YiVCPhk5RcLwfeMXy,liste,43Nu…eMXy,bewertet,,-24.6,1000,0.008,0.6,18.8,122,47,75,4.9,1.004,1.0,18,0.5,9.433,-2.727,3,-2.5,-14.6,3102.7,0.0,0.96
2026-10-02 11:52:41,42wuKdjT3h1dybTMygQshSsH57EHGseZPU9vTog4VEYm,liste,42wu…VEYm,raus,still (laenger als 24 h kein Trade),,1000,0.296,1.2,40.5,,,,,,,,,,,,,,,,
2026-10-02 11:52:41,77n6X7LtGy5AZprsvjZu1eaekJpxqLeVRZLPJZdBYyg9,liste,77n6…Yyg9,zu wenig abgeschlossene Coins,,,1000,0.34,14.9,-0.1,13,4,9,18.7,0.25,0.75,0,,,,0,,,,0.0,0.23
2026-10-02 11:54:17,EQ5Ktmd6BUvF3ttDrXkxVTrQX8krcnbigdkyE1HnyRmN,birdeye,QRCAT 6.1x,bewertet,,-46.0,1000,0.109,2.0,-0.1,48,29,19,17.4,6.0,1.0,13,0.08,-12.408,-11.954,3,-20.5,-36.0,1.7,0.0,0.04
2026-10-02 11:54:17,ELVGFqW4vibTfGcRqDhk7yaCDVcedyAs93DMJ5B9KtaE,birdeye,QRCAT 6.1x,bewertet,,-25.4,754,0.0,4.1,-0.1,36,26,10,100.1,0.026,0.35,6,0.17,0.509,-0.087,1,-2.3,-5.4,81.1,0.0,0.03
2026-10-02 11:54:18,G8RMQkRrAvze4SAwPRTQeD3Mb6ednyawM7pGwiCtCfio,birdeye,CONDOM 5.7x,bewertet,,-33.8,365,0.049,10.1,3.7,50,21,29,157.4,3.004,1.0,17,0.29,0.168,-9.773,3,-17.3,-23.8,4.4,0.0,0.64
