zeit,name,wallet,signatur,block_zeit,erfolgreich,copy_bot_erkennt,sol,mint,live_filter,sol_aenderung,token_aenderung,programme
2026-10-03 22:33:22,2FPk,2FPk33kw4YTsmESjWwW8QoXfVwEWeQ9D5ryWuDsfYR4e,JH1Kk95nmHjuPdxcPVGrajKp5R9rgKzUicyFF4G5QbCFXuBPTaVRTEUkdNcSzgvX4kLbBsj9CodXBBLoCYdrQ4H,2026-10-02 15:31:51,1,KAUF,1.264014,ARkgkerd7fVyfyxxwRN68PAPrhmhdq7dGbVe73Sgpump,handel,-1.271019,"{""ARkgke"": 31644702.34}",11111111 6EF8rrec ATokenGP Tokenkeg TokenzQd pfeeUxB6 term9YPb
2026-10-03 22:33:22,2FPk,2FPk33kw4YTsmESjWwW8QoXfVwEWeQ9D5ryWuDsfYR4e,4N4MeFqtBAGr1Tuwb8u2htz1hXFc5Vkm6veEAybhYh46puX7meZyzFjwG2mpjjhntHdmyXbJYUPLz4TMAALjjjBB,2026-10-02 15:31:52,0,fehlgeschlagen,,,,,,
2026-10-03 22:33:22,2FPk,2FPk33kw4YTsmESjWwW8QoXfVwEWeQ9D5ryWuDsfYR4e,4UW7Z6AhErSjkQEwM6beYuhiPzrPUyyKgogRsuSbeLubzBPoZCswbSYGbH9EzGbryTCvkmraB5fyWYcgV4pypWgi,2026-10-02 15:33:46,1,VERKAUF,0.283900,ARkgkerd7fVyfyxxwRN68PAPrhmhdq7dGbVe73Sgpump,handel,+0.278895,"{""ARkgke"": -3164470.23}",11111111 6EF8rrec Tokenkeg TokenzQd pfeeUxB6 term9YPb
2026-10-03 22:33:22,2FPk,2FPk33kw4YTsmESjWwW8QoXfVwEWeQ9D5ryWuDsfYR4e,5WpwwP6ujtf8vdCsgCTiNv6gmr7AzzjbFRX4AogVvd5CEeqWrrNN4kFSchAHzvRGTU6m2NXdo6BZQMPBin4fXsBK,2026-10-02 15:33:47,0,fehlgeschlagen,,,,,,
2026-10-03 22:33:23,2FPk,2FPk33kw4YTsmESjWwW8QoXfVwEWeQ9D5ryWuDsfYR4e,484U7P5fHb2XY8j3mxoxU6YkjcdSq3UH5Ws1rmHNa8RLWU41QbDuUyrMiciDzQjKKMLdPD6ZXYxzCGsGP2Rt4dTn,2026-10-02 15:34:19,1,VERKAUF,0.634694,ARkgkerd7fVyfyxxwRN68PAPrhmhdq7dGbVe73Sgpump,handel,+0.629689,"{""ARkgke"": -5696046.42}",11111111 6EF8rrec Tokenkeg TokenzQd pfeeUxB6 term9YPb
2026-10-03 22:33:23,2FPk,2FPk33kw4YTsmESjWwW8QoXfVwEWeQ9D5ryWuDsfYR4e,4RoydnrBVDxsb4nuE5Pn3yr9dr39d36uVqnvGaNayvJmyHzzKtGXYgC4sjp1v2D66ZuPMmPPwTopzzudg7cCtksZ,2026-10-02 15:34:19,0,fehlgeschlagen,,,,,,
2026-10-03 22:33:23,2FPk,2FPk33kw4YTsmESjWwW8QoXfVwEWeQ9D5ryWuDsfYR4e,j9aqCFrLLGB32yuMJ23G7qPwsyAifvzBtATnJDbFB6RoCaFepM75VzD4gAhjEVUQuCViFgxmws5EyYvu5J7Sg3k,2026-10-02 15:34:36,1,VERKAUF,1.981102,ARkgkerd7fVyfyxxwRN68PAPrhmhdq7dGbVe73Sgpump,handel,+1.976097,"{""ARkgke"": -22784185.68}",11111111 6EF8rrec Tokenkeg TokenzQd pfeeUxB6 term9YPb
2026-10-03 22:33:23,2FPk,2FPk33kw4YTsmESjWwW8QoXfVwEWeQ9D5ryWuDsfYR4e,oGEBChyb8DBzhuK5ewnUNTbg5HLra8jZj4VBcMeUpmoqWrzVCh45JALnHFqSdUDD9kAXq1zXfQrwUks2WwVR7rG,2026-10-02 15:34:36,0,fehlgeschlagen,,,,,,
2026-10-03 22:33:24,2FPk,2FPk33kw4YTsmESjWwW8QoXfVwEWeQ9D5ryWuDsfYR4e,4dw2PwZtHJWRFZo96SWRQpXUvX6de5xZgmcejt4AvK9zL7UUbFigfxrcfJqCpn9XrzxWksvQLJusH1vPQBeaaYdd,2026-10-02 19:44:10,1,kein Trade,,,transfer,+0.000000,"{""FsGuUt"": 20864660.95}",11111111 ATokenGP ComputeB DeJBGdMF TokenzQd
2026-10-03 22:33:24,2FPk,2FPk33kw4YTsmESjWwW8QoXfVwEWeQ9D5ryWuDsfYR4e,454JYec11UkZSW3S1fBumfG7RUJLCqb5Q9RfdqQBvvfm2Cp4WuKvm4svutpuagz9b2MVfzrhueigNY3rbZ5Piy9Q,2026-10-02 19:45:18,1,UEBERWEISUNG,0.001514,FsGuUtkBZxULFu4hDxyHfwY7S6jgecDj5xbUtwDvrHzi,transfer,-0.001719,"{""FsGuUt"": -5431266.09}",11111111 ATokenGP TokenzQd
2026-10-03 22:33:25,2FPk,2FPk33kw4YTsmESjWwW8QoXfVwEWeQ9D5ryWuDsfYR4e,3pJ3gwe9B6xDx6ajuYDBTqCtRraBMWm2ztcBmxWo3mvLTtFG3T4jEkJ3J7YdhTrYU8iLqN2X7CQAW6HeeMuBQFHv,2026-10-02 19:47:48,1,VERKAUF,0.901809,FsGuUtkBZxULFu4hDxyHfwY7S6jgecDj5xbUtwDvrHzi,handel,+0.896804,"{""FsGuUt"": -15433394.86}",11111111 6EF8rrec Tokenkeg TokenzQd pfeeUxB6 term9YPb
2026-10-03 22:33:25,2FPk,2FPk33kw4YTsmESjWwW8QoXfVwEWeQ9D5ryWuDsfYR4e,575ap2Pna5VTiwpYus1Fi1ffMR19oW8xqPYboyF1sLcYtqJmLsctUSMmPhkCjRFQEChmFQaQUMstN3j4pj5CsKio,2026-10-02 19:47:48,0,fehlgeschlagen,,,,,,
2026-10-03 22:33:25,2FPk,2FPk33kw4YTsmESjWwW8QoXfVwEWeQ9D5ryWuDsfYR4e,4MxLGVGQnmixiUFgxQEivnChE9M5kNmes7uivaSKGiEdCUwgderRH5AYSqYUat5toxPjrs8YyJJpRzS5wF1T5yLY,2026-10-03 00:22:40,1,kein Trade,,,,-11.000205,,11111111
2026-10-03 22:33:26,2FPk,2FPk33kw4YTsmESjWwW8QoXfVwEWeQ9D5ryWuDsfYR4e,bgXiLGVcfiWp1QFBKQMtDhpV1XD1axN3xiSCpYYCpvebg4M44yNVUZAgSJC43UQmXTS5XyHNUjkKXqj4n21rNcT,2026-10-03 17:05:42,1,kein Trade,,,,+3.666667,,11111111
2026-10-03 22:33:26,2FPk,2FPk33kw4YTsmESjWwW8QoXfVwEWeQ9D5ryWuDsfYR4e,65F3nZN8KLSf8yVCUz5rvdx8xfe3PmvpgDvir5Bd4ugVVwYp8gGGjZTnAX5yFn3CGJvYq6XgTcv2sceZamMsPArQ,2026-10-03 18:57:50,1,KAUF,0.991514,GpyBTSkASd7CaivMjNaxZB1KeZUE8oSg9Q2qKAPSM5Sm,handel,-0.996519,"{""GpyBTS"": 27077931.14}",11111111 6EF8rrec ATokenGP Tokenkeg TokenzQd pfeeUxB6 term9YPb
2026-10-03 22:33:26,2FPk,2FPk33kw4YTsmESjWwW8QoXfVwEWeQ9D5ryWuDsfYR4e,2EWd2bz2kpBzVzrSQs8NabyBZZNZov7uXkgZT4HwRu5eeH7yHeUFxE6W6MvxGhcRTrKMwcRdL3YRZVf1vR6uMDdj,2026-10-03 18:57:50,0,fehlgeschlagen,,,,,,
2026-10-03 22:33:27,2FPk,2FPk33kw4YTsmESjWwW8QoXfVwEWeQ9D5ryWuDsfYR4e,H5xmnykbf8XoE9CVvbTxPVKfaTcNM2cLD1xPEnMxhyU3rdDtiq6YWu1EzaJPH8p5EyQka5yZ1fZGAg12tb923jK,2026-10-03 19:00:29,1,VERKAUF,0.978240,GpyBTSkASd7CaivMjNaxZB1KeZUE8oSg9Q2qKAPSM5Sm,handel,+0.973235,"{""GpyBTS"": -27077931.14}",11111111 6EF8rrec Tokenkeg TokenzQd pfeeUxB6 term9YPb
2026-10-03 22:33:27,2FPk,2FPk33kw4YTsmESjWwW8QoXfVwEWeQ9D5ryWuDsfYR4e,5un3Q7szCSegJ8NNWXYeaAbAJ6tQz5LjoECPYAJQAuSqQrvCaPRXsTbobXYpRCNRzPxNFXNi4UQmqZZYPif7hXPu,2026-10-03 19:00:29,0,fehlgeschlagen,,,,,,
2026-10-03 22:33:27,2FPk,2FPk33kw4YTsmESjWwW8QoXfVwEWeQ9D5ryWuDsfYR4e,3WQuxbNTGQHdeyKbnGtkyNtVbWgxr3AcnUDBx3baF4R8xGAFgCnF7HiWjTjNkV3segTiicyZ5Uky4vQvXh6S9tgS,2026-10-03 21:25:30,1,KAUF,1.239014,Bq7YbHgRQn8Rh1xkyDv4o5DA8x1pGYoRaEf1fNYL2HYA,handel,-1.244019,"{""Bq7YbH"": 26096823.59}",11111111 6EF8rrec ATokenGP Tokenkeg TokenzQd pfeeUxB6 term9YPb
2026-10-03 22:33:27,2FPk,2FPk33kw4YTsmESjWwW8QoXfVwEWeQ9D5ryWuDsfYR4e,4b1UnuyzgUid7u9REBGQbYivdSonETv76dGLFNm8WDdvExeGbwtTNeUhZxdyNqpFQSrhQgu6PzR68Kos5WibBsBh,2026-10-03 21:25:30,0,fehlgeschlagen,,,,,,
2026-10-03 22:33:28,2FPk,2FPk33kw4YTsmESjWwW8QoXfVwEWeQ9D5ryWuDsfYR4e,3SoRKRce1gAn8opnkBS1Eo3A1DazYPqsj7yP2YXGhs5c3TgPX1wenPNie9uJJa4PuvwUdpEU3TrtiucfAv9t2kkf,2026-10-03 21:27:15,1,VERKAUF,1.078407,Bq7YbHgRQn8Rh1xkyDv4o5DA8x1pGYoRaEf1fNYL2HYA,handel,+1.071402,"{""Bq7YbH"": -26096823.59}",11111111 6EF8rrec Tokenkeg TokenzQd pfeeUxB6 term9YPb
2026-10-03 22:33:28,2FPk,2FPk33kw4YTsmESjWwW8QoXfVwEWeQ9D5ryWuDsfYR4e,2aMcKQiUTWCqrU7ZVeF5gQQSVAB3PNs6kyGyZ1AjCMF25me1n68T7jCuyF6MyL2eGWTgThQcqVLqYbSwHLMivjXw,2026-10-03 21:27:15,0,fehlgeschlagen,,,,,,
2026-10-03 22:33:29,54cb,54cbtXG6M5WsM8MaVujiH5of5Cf6rQ5U6uGbcBMCXQhj,4rHU4upUioLPddV7figmDJ4KxbNzEa2p2zuTqkXR5wjbj42auhUDo2kKATwj6iXEQdmDi3jMQyvPkW413ujXE1uY,2026-10-03 16:09:47,1,kein Trade,,,handel,-1.000095,"{""EPjFWd"": 118.57}",11111111 3TK9D8ao ATokenGP ComputeB Tokenkeg proVF4pM
2026-10-03 22:33:29,54cb,54cbtXG6M5WsM8MaVujiH5of5Cf6rQ5U6uGbcBMCXQhj,4GJrT7TE8t53Wu8hdYsqCX3zGkkcYWeyY4ZrdQZqUSPwFJUHb1oF4ak7R71mF2hMY49u6DdRZsCWnd31kjtaMdud,2026-10-03 16:10:05,1,kein Trade,,,,+0.000000,,11111111
2026-10-03 22:33:30,54cb,54cbtXG6M5WsM8MaVujiH5of5Cf6rQ5U6uGbcBMCXQhj,3GyCRJ6LjDoDeA9zQA3KsxtnUN8eXTfm9FaAxjj7ztpj33QpPh28YqAeAkG9M1TrUA32mUZkgBz3SVYMuxXJqR3e,2026-10-03 20:56:35,1,KAUF,5.001514,EkFRff9a2jKztJHML1LG9FRmEkPJDR6XAYp3uCPdpump,handel,-5.012519,"{""EkFRff"": 640300.43}",11111111 ATokenGP FLASHX8D Tokenkeg TokenzQd pAMMBay6 pfeeUxB6
2026-10-03 22:33:30,54cb,54cbtXG6M5WsM8MaVujiH5of5Cf6rQ5U6uGbcBMCXQhj,3n6XjfZJfjoveMbkweC14L9Yqnrk4ptHBR9MLYK9KTkdtXRVpFsbJjfaomok718e2tbnV2hqGXZjmduWaequ5nK7,2026-10-03 20:56:41,1,KAUF,1.000000,EkFRff9a2jKztJHML1LG9FRmEkPJDR6XAYp3uCPdpump,handel,-1.011005,"{""EkFRff"": 129366.99}",11111111 FLASHX8D Tokenkeg TokenzQd pAMMBay6 pfeeUxB6
2026-10-03 22:33:31,54cb,54cbtXG6M5WsM8MaVujiH5of5Cf6rQ5U6uGbcBMCXQhj,5r6RqbPyUGHQtKJKE8udSDyBZrGdvTZwx8aQFvHrQZXpEKXaUBPEZ2QAucFvNX4Zyqy81vTCsvGaLieR5hHFFDFP,2026-10-03 20:57:15,1,VERKAUF,5.228698,EkFRff9a2jKztJHML1LG9FRmEkPJDR6XAYp3uCPdpump,handel,+5.217693,"{""EkFRff"": -769667.43}",11111111 FLASHX8D Tokenkeg TokenzQd pAMMBay6 pfeeUxB6
