zeit,trader,aktion,mint,trader_signatur,quote_sofort,quote_spaeter,sekunden,abweichung_pct
2026-10-03 18:19:55,3zsr,KAUF,6Sf8vj1Ah1qAengWyaYEwfgtcuhV3drEhrF6h8KTmszX,66oaPdiSb5AmWQExuzv5Zof1HQyAegrvukLjm1c8tr3caDRNJm4YxP2dTCJv4azN1sgNfcXq2ESip2dwEoPzHKjg,1788154428169,1788459239801,7.7,-0.02
2026-10-03 18:20:46,3zsr,KAUF,4VfaV49eiEPKr3XC31oZjqsLoCnfYjgXtaqf3Tdx782f,5gKrQAAb25t36mdGWvZbsR7SSySZrwcpMrVyHx9CRmNEBNKgQCHK8UyJupcunRG951wBKEaTTLivMnkC9noxpDj5,2199527214552,2199527214552,6.2,+0.00
2026-10-03 18:20:51,922M,VERKAUF,XLBLxbY1Mr7aadnqAbmqSBXLEyUdjvUXtXCnz8Mpump,2xrvapQaW3aYj6p3DvEsmTZfQLwUfLxLbmiDQ4R3ca9jcZ3mREEByRVCaezkFpqbeBCojwQ7FdCmY7WQSyLxpxzu,114297018,114297018,2.8,+0.00
2026-10-03 18:21:03,922M,VERKAUF,XLBLxbY1Mr7aadnqAbmqSBXLEyUdjvUXtXCnz8Mpump,2urf3b2zAaRuVF4oAnKicMpaETepXBAHRra3KDQi4w5SdDPSqFusgtJeayu7dd58GvBfXLbf4ntKkVU5BZWaqqoo,87757718,87757718,2.5,+0.00
2026-10-03 18:21:09,922M,KAUF,XLBLxbY1Mr7aadnqAbmqSBXLEyUdjvUXtXCnz8Mpump,3P5tBj3jCwiwVSVTi3TJ4sThACTUAxG44F7fs9PjsGN3JrHRRtoWhw5Fsf2BEv1vutWgqpNQJkKQiD5p2vXQB327,21063966574,20968425021,3.8,+0.45
2026-10-03 18:22:34,922M,VERKAUF,JCsKWhELRJ8MhEZjUDdCL49mntw8fx27bKAgCMgSGhcQ,2FNDkU4ppnYUyYZrURykZEC3nNgh8dDqYxgk85KhJef1V3Drzq6cEu9zVBHavtgwfkNMDqRDXY25jVsGgKFNFBiF,4915580,4915580,2.2,+0.00
2026-10-03 18:23:57,922M,VERKAUF,5bYUihkPWGph9BLyG4uUbNV634UTwjf3Ly5JEsnokbDs,36hoQrofrGmqbDVc5bfi1Fpfx7e1TjUUj8gmzcSViZefHjqQ9iCRGwE22jyJyzHZaPcfztYUxHj7yxfFE8NKkfeK,67611141,66497106,2.1,+1.65
2026-10-03 18:24:05,922M,VERKAUF,5bYUihkPWGph9BLyG4uUbNV634UTwjf3Ly5JEsnokbDs,5Jyt3RNS4nFsfEmXJ6zRoqVcVaD8A3xttYHPeto47KMmzvRU6QE3XLipfyhkSLZDs4Xa41xpxswSoGs4voDcQEDv,53741760,53583770,2.8,+0.29
2026-10-03 18:24:45,922M,KAUF,9dSMwFfPezQ8WPcW1uZV7ns4rcviEj2LssSAg75WBLXd,5qPfsJt76QKN1EqEqKY5bZT2LQ6eigCWxW9XihEuAh8hkd91sXdnyixLPmtoKGMg2hXuyqkt1FFz2wx4mpgkWwzi,47270160974,48284848176,6.8,-2.15
2026-10-03 18:24:47,922M,KAUF,H7TuvDxEKygh27zGfGcjKG8JGWgrbyKpPtvJEpGosfas,5ms4uS8Rzn4KgPUFhsPRKEaD6iXkZwuQkwkH3h18uM7kZQ7XvCNHEggpTBNfP3MZMMo2z4i3nV7KNTN3cYVkGaos,21069180022,20298662031,5.5,+3.66
2026-10-03 18:24:57,922M,VERKAUF,5bYUihkPWGph9BLyG4uUbNV634UTwjf3Ly5JEsnokbDs,w32rT8zyrbLc6KHNTBuqyRXSrtMCQmPCBw1Z7faoxbSZ6EvHjsUwNRas4Vfwpa4Pub6oKBUjcZj6Ni4qeuZEw3w,45203856,45484718,2.3,-0.62
2026-10-03 18:25:35,3zsr,VERKAUF,57rtt7qypfMTXKHjHTMnZ7YdfnWyY7vPBe4PL5zLgtrp,4dBjkX8BsUz7YkT1dD4ZUf2p1ZFLQFTKKiAMHJgywGo45xY6YM3Yo1ZmzUryXHQS2Q2rfHEKTcS6Qem1niuHdb76,151111398,150244517,2.7,+0.57
2026-10-03 18:25:45,922M,KAUF,H7TuvDxEKygh27zGfGcjKG8JGWgrbyKpPtvJEpGosfas,5L92SDiMC2vrYcVVY6N9j9bJD1G6UMeDC3iUmjba291zKHp9MoAWhNGFNxqcvzGLupzyC9rQLobKcS68mBcrhxGq,21072473131,20483798919,3.8,+2.79
2026-10-03 18:26:04,922M,VERKAUF,9dSMwFfPezQ8WPcW1uZV7ns4rcviEj2LssSAg75WBLXd,2PN9dyBBntuSmfH5DYA9bidRLWSUDh6VwTnXVRHi35r4oA2ZRnpq9fcymeDLurVgN1gZPCmxcpesBT97Qj5k4C4h,83013619,79453365,2.0,+4.29
2026-10-03 18:26:31,922M,KAUF,9dSMwFfPezQ8WPcW1uZV7ns4rcviEj2LssSAg75WBLXd,2CUqVjg3W41rQdBbZuCXqXf5ptDTmrYhZdrMoGQ2fstzuf9hudGWb4V1RcxZywzFeUjjMqVXqNpRxeg3corfWRvd,51168577517,50728651781,3.2,+0.86
2026-10-03 18:26:57,922M,VERKAUF,5bYUihkPWGph9BLyG4uUbNV634UTwjf3Ly5JEsnokbDs,5bEygxdS79M3cQKiTYdzMSsyHs3qGFxps2KqNbVtcNh6jtiyDDP4gP2FVwYDq2jkkgwEZeR2ia8uEes6daHns6sb,45632973,45982117,7.3,-0.77
2026-10-03 18:26:59,922M,VERKAUF,9dSMwFfPezQ8WPcW1uZV7ns4rcviEj2LssSAg75WBLXd,2rcFWJdU5sSb6QmCDUgaewjSV4CCAZ1AMviDhDT8jrT6cX3SnaJe475fPdjAXT2cw1MCbN5JLQe7PYn1f3Gwq2hK,146531196,141859687,7.8,+3.19
2026-10-03 18:27:01,922M,KAUF,9dSMwFfPezQ8WPcW1uZV7ns4rcviEj2LssSAg75WBLXd,4nsqqHUSqwWZuJW8b1kzBAyLG8wJ9LC1Sv8xD64yNm2aCVbmWFvWUMEJ92VLNvUw6YquFqoAs1nSK3mspfoWv5ai,54785358205,53655994368,8.0,+2.06
2026-10-03 18:27:17,922M,KAUF,9dSMwFfPezQ8WPcW1uZV7ns4rcviEj2LssSAg75WBLXd,YyMxSZEPdYphNc6uxXmvMRvTVSyUhTeWmm8TaoGZfYxLBy5YMMtSZGBpUJghifMXe5mwEZkrcwetJXsSkxthrPJ,54205173418,52969423642,5.4,+2.28
2026-10-03 18:27:32,922M,VERKAUF,9dSMwFfPezQ8WPcW1uZV7ns4rcviEj2LssSAg75WBLXd,63Dow5ZeZDvs3J6e91VX4VZRjdCKwrXgLwBdVWkttLZmveTjLPj6sf2Kv9g1FS4QWMGWoTbqmumeiAYPn6JUzfpG,223037677,226967612,3.8,-1.76
2026-10-03 18:27:34,922M,VERKAUF,9dSMwFfPezQ8WPcW1uZV7ns4rcviEj2LssSAg75WBLXd,AzPWJwE1erYkkETStRJZdiwHFvY5ERaJDrbCSGLKMdLsmtCcLdHimCSRiTS8gm6AHNZ7zXdRAWYkqCZWH2ZG5Jj,155264654,153135774,4.4,+1.37
