zeit,aktion,symbol,mint,preis_usd,sol,these,verkaufsbedingung,grund,pnl_sol,pnl_pct
2026-09-29 08:33:32,KAUF,K/acc,3JBcBwcZ5psDu4Qy58YBqbMn2Nk4QKzDiqii4gpAwqei,0.000184005317783,0.2000,"Story verbreitet sich: Holder +1841%/h, 263 Netto-Kaeufer 5m, 44 organisch; Kontrollgruppe: zufaellig aus 10 sicheren jungen Coins; Dev-Coins 3849","Haelfte bei 2x; Rest raus, wenn Holder schrumpfen und Netto-Verkaeufer 2x in Folge, Liquiditaet -30%, -40%, nach 1,5x nicht unter Einstand, nach 2x 30 % vom Hoch (ab 10x 25 %)",,,
2026-09-29 08:35:08,KAUF,BOPE,EdfUDQxVihNgHf7KDjhxC3ZSdXtNr33tojuKq3rgUCfv,6.93591086349e-05,0.2000,"Story verbreitet sich: Holder +23%/h, 38 Netto-Kaeufer 5m, 8 organisch; Kontrollgruppe: zufaellig aus 10 sicheren jungen Coins; Dev-Coins 657","Haelfte bei 2x; Rest raus, wenn Holder schrumpfen und Netto-Verkaeufer 2x in Folge, Liquiditaet -30%, -40%, nach 1,5x nicht unter Einstand, nach 2x 30 % vom Hoch (ab 10x 25 %)",,,
2026-09-29 08:36:40,KAUF,GFB,36RKUDQu5sJggjnRcWnAomH8dSmv1gq5zgVQ73DrBear,9.20527271743e-05,0.2000,"Story verbreitet sich: Holder +-4%/h, 13 Netto-Kaeufer 5m, 2 organisch; Kontrollgruppe: zufaellig aus 8 sicheren jungen Coins; Dev-Coins 254","Haelfte bei 2x; Rest raus, wenn Holder schrumpfen und Netto-Verkaeufer 2x in Folge, Liquiditaet -30%, -40%, nach 1,5x nicht unter Einstand, nach 2x 30 % vom Hoch (ab 10x 25 %)",,,
2026-09-29 08:38:13,KAUF,Liza,7UfcTJD2RSRg9AJ4k2V2rs71Ew8Zy2avaU5roc8bpump,2.05785780337e-05,0.2000,"Story verbreitet sich: Holder +18%/h, 6 Netto-Kaeufer 5m, 4 organisch; Kontrollgruppe: zufaellig aus 7 sicheren jungen Coins; Dev-Coins 1","Haelfte bei 2x; Rest raus, wenn Holder schrumpfen und Netto-Verkaeufer 2x in Folge, Liquiditaet -30%, -40%, nach 1,5x nicht unter Einstand, nach 2x 30 % vom Hoch (ab 10x 25 %)",,,
2026-09-29 08:39:46,KAUF,BLINGBOY,EtV9vmJXhV4gTgxzgzn7xpbjRX2ne2Vb8T58mwabpump,1.40399326775e-05,0.2000,"Story verbreitet sich: Holder +-6%/h, 2 Netto-Kaeufer 5m, 2 organisch; Kontrollgruppe: zufaellig aus 6 sicheren jungen Coins; Dev-Coins 642","Haelfte bei 2x; Rest raus, wenn Holder schrumpfen und Netto-Verkaeufer 2x in Folge, Liquiditaet -30%, -40%, nach 1,5x nicht unter Einstand, nach 2x 30 % vom Hoch (ab 10x 25 %)",,,
2026-09-29 08:40:04,VERKAUF,GFB,36RKUDQu5sJggjnRcWnAomH8dSmv1gq5zgVQ73DrBear,9.11705367735e-06,0.0210,"Story verbreitet sich: Holder +-4%/h, 13 Netto-Kaeufer 5m, 2 organisch; Kontrollgruppe: zufaellig aus 8 sicheren jungen Coins; Dev-Coins 254","Haelfte bei 2x; Rest raus, wenn Holder schrumpfen und Netto-Verkaeufer 2x in Folge, Liquiditaet -30%, -40%, nach 1,5x nicht unter Einstand, nach 2x 30 % vom Hoch (ab 10x 25 %)",NOTBREMSE (-90%),,
2026-09-29 08:40:04,ERGEBNIS,GFB,36RKUDQu5sJggjnRcWnAomH8dSmv1gq5zgVQ73DrBear,9.11705367735e-06,0.0210,"Story verbreitet sich: Holder +-4%/h, 13 Netto-Kaeufer 5m, 2 organisch; Kontrollgruppe: zufaellig aus 8 sicheren jungen Coins; Dev-Coins 254","Haelfte bei 2x; Rest raus, wenn Holder schrumpfen und Netto-Verkaeufer 2x in Folge, Liquiditaet -30%, -40%, nach 1,5x nicht unter Einstand, nach 2x 30 % vom Hoch (ab 10x 25 %)",NOTBREMSE (-90%),-0.1805,-90.2
2026-09-29 08:41:23,KAUF,glungus,Bd9thw3PAeyHeBGSi4R1ARBuptpG5rM4fhB8BRWJkq1e,3.23166066065e-05,0.2000,"Story verbreitet sich: Holder +1860%/h, 33 Netto-Kaeufer 5m, 6 organisch; Kontrollgruppe: zufaellig aus 5 sicheren jungen Coins; Dev-Coins 12845","Haelfte bei 2x; Rest raus, wenn Holder schrumpfen und Netto-Verkaeufer 2x in Folge, Liquiditaet -30%, -40%, nach 1,5x nicht unter Einstand, nach 2x 30 % vom Hoch (ab 10x 25 %)",,,
2026-09-29 08:42:56,KAUF,STICKMAN,5Cw5BAKoGsVySjWYLNTtAtSe9KTWjnsWYs3nrEEwpump,1.45236892842e-05,0.2000,"Story verbreitet sich: Holder +11%/h, 5 Netto-Kaeufer 5m, 0 organisch; Kontrollgruppe: zufaellig aus 4 sicheren jungen Coins; Dev-Coins 460","Haelfte bei 2x; Rest raus, wenn Holder schrumpfen und Netto-Verkaeufer 2x in Folge, Liquiditaet -30%, -40%, nach 1,5x nicht unter Einstand, nach 2x 30 % vom Hoch (ab 10x 25 %)",,,
2026-09-29 08:44:27,KAUF,PROPANA,HJnaT5oeSH4L8TGJPLLBYQ1zzmpLbYuMAbTbpiBkpump,2.75143776199e-05,0.2000,"Story verbreitet sich: Holder +74%/h, 24 Netto-Kaeufer 5m, 5 organisch; Kontrollgruppe: zufaellig aus 4 sicheren jungen Coins; Dev-Coins 1","Haelfte bei 2x; Rest raus, wenn Holder schrumpfen und Netto-Verkaeufer 2x in Folge, Liquiditaet -30%, -40%, nach 1,5x nicht unter Einstand, nach 2x 30 % vom Hoch (ab 10x 25 %)",,,
2026-09-29 08:44:54,VERKAUF,BLINGBOY,EtV9vmJXhV4gTgxzgzn7xpbjRX2ne2Vb8T58mwabpump,1.26696410973e-05,0.1764,"Story verbreitet sich: Holder +-6%/h, 2 Netto-Kaeufer 5m, 2 organisch; Kontrollgruppe: zufaellig aus 6 sicheren jungen Coins; Dev-Coins 642","Haelfte bei 2x; Rest raus, wenn Holder schrumpfen und Netto-Verkaeufer 2x in Folge, Liquiditaet -30%, -40%, nach 1,5x nicht unter Einstand, nach 2x 30 % vom Hoch (ab 10x 25 %)","THESE_GEBROCHEN (Holder schrumpfen, Netto-Verkaeufer)",,
2026-09-29 08:44:54,ERGEBNIS,BLINGBOY,EtV9vmJXhV4gTgxzgzn7xpbjRX2ne2Vb8T58mwabpump,1.26696410973e-05,0.1764,"Story verbreitet sich: Holder +-6%/h, 2 Netto-Kaeufer 5m, 2 organisch; Kontrollgruppe: zufaellig aus 6 sicheren jungen Coins; Dev-Coins 642","Haelfte bei 2x; Rest raus, wenn Holder schrumpfen und Netto-Verkaeufer 2x in Folge, Liquiditaet -30%, -40%, nach 1,5x nicht unter Einstand, nach 2x 30 % vom Hoch (ab 10x 25 %)","THESE_GEBROCHEN (Holder schrumpfen, Netto-Verkaeufer)",-0.0251,-12.6
2026-09-29 08:46:00,KAUF,STELLA,9fxZsqT4zen2xVpa9xQgzM6Tvs2KjoshMQbqV4pApump,1.17803482749e-05,0.2000,"Story verbreitet sich: Holder +131%/h, 54 Netto-Kaeufer 5m, 0 organisch; Kontrollgruppe: zufaellig aus 2 sicheren jungen Coins; Dev-Coins 322","Haelfte bei 2x; Rest raus, wenn Holder schrumpfen und Netto-Verkaeufer 2x in Folge, Liquiditaet -30%, -40%, nach 1,5x nicht unter Einstand, nach 2x 30 % vom Hoch (ab 10x 25 %)",,,
2026-09-29 08:47:32,KAUF,CHONKCAT,9XfpZm62wSzbN6XCpu3bM4HbTHwzPYEKhqnEh3vHpump,1.71690687056e-05,0.2000,"Story verbreitet sich: Holder +59%/h, 45 Netto-Kaeufer 5m, 0 organisch; Kontrollgruppe: zufaellig aus 2 sicheren jungen Coins; Dev-Coins 83","Haelfte bei 2x; Rest raus, wenn Holder schrumpfen und Netto-Verkaeufer 2x in Folge, Liquiditaet -30%, -40%, nach 1,5x nicht unter Einstand, nach 2x 30 % vom Hoch (ab 10x 25 %)",,,
2026-09-29 08:48:29,VERKAUF,K/acc,3JBcBwcZ5psDu4Qy58YBqbMn2Nk4QKzDiqii4gpAwqei,0.000106279096608,0.1208,"Story verbreitet sich: Holder +1841%/h, 263 Netto-Kaeufer 5m, 44 organisch; Kontrollgruppe: zufaellig aus 10 sicheren jungen Coins; Dev-Coins 3849","Haelfte bei 2x; Rest raus, wenn Holder schrumpfen und Netto-Verkaeufer 2x in Folge, Liquiditaet -30%, -40%, nach 1,5x nicht unter Einstand, nach 2x 30 % vom Hoch (ab 10x 25 %)",NOTBREMSE (-42%),,
2026-09-29 08:48:29,ERGEBNIS,K/acc,3JBcBwcZ5psDu4Qy58YBqbMn2Nk4QKzDiqii4gpAwqei,0.000106279096608,0.1208,"Story verbreitet sich: Holder +1841%/h, 263 Netto-Kaeufer 5m, 44 organisch; Kontrollgruppe: zufaellig aus 10 sicheren jungen Coins; Dev-Coins 3849","Haelfte bei 2x; Rest raus, wenn Holder schrumpfen und Netto-Verkaeufer 2x in Folge, Liquiditaet -30%, -40%, nach 1,5x nicht unter Einstand, nach 2x 30 % vom Hoch (ab 10x 25 %)",NOTBREMSE (-42%),-0.0807,-40.3
2026-09-29 08:48:29,GRADUATION,glungus,Bd9thw3PAeyHeBGSi4R1ARBuptpG5rM4fhB8BRWJkq1e,4.63776048708e-05,0.0000,"Story verbreitet sich: Holder +1860%/h, 33 Netto-Kaeufer 5m, 6 organisch; Kontrollgruppe: zufaellig aus 5 sicheren jungen Coins; Dev-Coins 12845","Haelfte bei 2x; Rest raus, wenn Holder schrumpfen und Netto-Verkaeufer 2x in Folge, Liquiditaet -30%, -40%, nach 1,5x nicht unter Einstand, nach 2x 30 % vom Hoch (ab 10x 25 %)","Umzug in neuen Pool, Liquiditaetsbasis neu gesetzt",,
2026-09-29 08:49:09,KAUF,アル,A1y5NQWAmtqQahPHP9Jm7sqezAzjgK5Atz3fM6aBc3zV,5.61332525908e-05,0.2000,"Story verbreitet sich: Holder +1123%/h, 215 Netto-Kaeufer 5m, 0 organisch; Kontrollgruppe: zufaellig aus 2 sicheren jungen Coins; Dev-Coins 162","Haelfte bei 2x; Rest raus, wenn Holder schrumpfen und Netto-Verkaeufer 2x in Folge, Liquiditaet -30%, -40%, nach 1,5x nicht unter Einstand, nach 2x 30 % vom Hoch (ab 10x 25 %)",,,
2026-09-29 08:54:47,VERKAUF,glungus,Bd9thw3PAeyHeBGSi4R1ARBuptpG5rM4fhB8BRWJkq1e,2.81733102518e-05,0.2165,"Story verbreitet sich: Holder +1860%/h, 33 Netto-Kaeufer 5m, 6 organisch; Kontrollgruppe: zufaellig aus 5 sicheren jungen Coins; Dev-Coins 12845","Haelfte bei 2x; Rest raus, wenn Holder schrumpfen und Netto-Verkaeufer 2x in Folge, Liquiditaet -30%, -40%, nach 1,5x nicht unter Einstand, nach 2x 30 % vom Hoch (ab 10x 25 %)","GEWINN_GESCHUETZT (Hoch 1.5x, zurueck auf Einstand)",,
2026-09-29 08:54:47,ERGEBNIS,glungus,Bd9thw3PAeyHeBGSi4R1ARBuptpG5rM4fhB8BRWJkq1e,2.81733102518e-05,0.2165,"Story verbreitet sich: Holder +1860%/h, 33 Netto-Kaeufer 5m, 6 organisch; Kontrollgruppe: zufaellig aus 5 sicheren jungen Coins; Dev-Coins 12845","Haelfte bei 2x; Rest raus, wenn Holder schrumpfen und Netto-Verkaeufer 2x in Folge, Liquiditaet -30%, -40%, nach 1,5x nicht unter Einstand, nach 2x 30 % vom Hoch (ab 10x 25 %)","GEWINN_GESCHUETZT (Hoch 1.5x, zurueck auf Einstand)",+0.0150,+7.5
2026-09-29 08:56:17,VERKAUF,STICKMAN,5Cw5BAKoGsVySjWYLNTtAtSe9KTWjnsWYs3nrEEwpump,1.2088695807e-05,0.1572,"Story verbreitet sich: Holder +11%/h, 5 Netto-Kaeufer 5m, 0 organisch; Kontrollgruppe: zufaellig aus 4 sicheren jungen Coins; Dev-Coins 460","Haelfte bei 2x; Rest raus, wenn Holder schrumpfen und Netto-Verkaeufer 2x in Folge, Liquiditaet -30%, -40%, nach 1,5x nicht unter Einstand, nach 2x 30 % vom Hoch (ab 10x 25 %)","THESE_GEBROCHEN (Holder schrumpfen, Netto-Verkaeufer)",,
2026-09-29 08:56:17,ERGEBNIS,STICKMAN,5Cw5BAKoGsVySjWYLNTtAtSe9KTWjnsWYs3nrEEwpump,1.2088695807e-05,0.1572,"Story verbreitet sich: Holder +11%/h, 5 Netto-Kaeufer 5m, 0 organisch; Kontrollgruppe: zufaellig aus 4 sicheren jungen Coins; Dev-Coins 460","Haelfte bei 2x; Rest raus, wenn Holder schrumpfen und Netto-Verkaeufer 2x in Folge, Liquiditaet -30%, -40%, nach 1,5x nicht unter Einstand, nach 2x 30 % vom Hoch (ab 10x 25 %)","THESE_GEBROCHEN (Holder schrumpfen, Netto-Verkaeufer)",-0.0443,-22.1
2026-09-29 08:58:18,VERKAUF,アル,A1y5NQWAmtqQahPHP9Jm7sqezAzjgK5Atz3fM6aBc3zV,3.0220323027e-05,0.1046,"Story verbreitet sich: Holder +1123%/h, 215 Netto-Kaeufer 5m, 0 organisch; Kontrollgruppe: zufaellig aus 2 sicheren jungen Coins; Dev-Coins 162","Haelfte bei 2x; Rest raus, wenn Holder schrumpfen und Netto-Verkaeufer 2x in Folge, Liquiditaet -30%, -40%, nach 1,5x nicht unter Einstand, nach 2x 30 % vom Hoch (ab 10x 25 %)",NOTBREMSE (-46%),,
2026-09-29 08:58:18,ERGEBNIS,アル,A1y5NQWAmtqQahPHP9Jm7sqezAzjgK5Atz3fM6aBc3zV,3.0220323027e-05,0.1046,"Story verbreitet sich: Holder +1123%/h, 215 Netto-Kaeufer 5m, 0 organisch; Kontrollgruppe: zufaellig aus 2 sicheren jungen Coins; Dev-Coins 162","Haelfte bei 2x; Rest raus, wenn Holder schrumpfen und Netto-Verkaeufer 2x in Folge, Liquiditaet -30%, -40%, nach 1,5x nicht unter Einstand, nach 2x 30 % vom Hoch (ab 10x 25 %)",NOTBREMSE (-46%),-0.0969,-48.5
2026-09-29 08:58:55,KAUF,p/acc,BzX5mofDT6fKSK9zMrrj1eKbEL57kt8d8Fwwdx6Apump,0.000203244929299,0.2000,"Story verbreitet sich: Holder +1206%/h, 321 Netto-Kaeufer 5m, 0 organisch; Kontrollgruppe: zufaellig aus 2 sicheren jungen Coins; Dev-Coins 1","Haelfte bei 2x; Rest raus, wenn Holder schrumpfen und Netto-Verkaeufer 2x in Folge, Liquiditaet -30%, -40%, nach 1,5x nicht unter Einstand, nach 2x 30 % vom Hoch (ab 10x 25 %)",,,
2026-09-29 09:02:14,VERKAUF,PROPANA,HJnaT5oeSH4L8TGJPLLBYQ1zzmpLbYuMAbTbpiBkpump,1.56426698121e-05,0.1108,"Story verbreitet sich: Holder +74%/h, 24 Netto-Kaeufer 5m, 5 organisch; Kontrollgruppe: zufaellig aus 4 sicheren jungen Coins; Dev-Coins 1","Haelfte bei 2x; Rest raus, wenn Holder schrumpfen und Netto-Verkaeufer 2x in Folge, Liquiditaet -30%, -40%, nach 1,5x nicht unter Einstand, nach 2x 30 % vom Hoch (ab 10x 25 %)",NOTBREMSE (-43%),,
2026-09-29 09:02:14,ERGEBNIS,PROPANA,HJnaT5oeSH4L8TGJPLLBYQ1zzmpLbYuMAbTbpiBkpump,1.56426698121e-05,0.1108,"Story verbreitet sich: Holder +74%/h, 24 Netto-Kaeufer 5m, 5 organisch; Kontrollgruppe: zufaellig aus 4 sicheren jungen Coins; Dev-Coins 1","Haelfte bei 2x; Rest raus, wenn Holder schrumpfen und Netto-Verkaeufer 2x in Folge, Liquiditaet -30%, -40%, nach 1,5x nicht unter Einstand, nach 2x 30 % vom Hoch (ab 10x 25 %)",NOTBREMSE (-43%),-0.0907,-45.3
2026-09-29 09:04:54,VERKAUF,p/acc,BzX5mofDT6fKSK9zMrrj1eKbEL57kt8d8Fwwdx6Apump,0.000116637601732,0.1119,"Story verbreitet sich: Holder +1206%/h, 321 Netto-Kaeufer 5m, 0 organisch; Kontrollgruppe: zufaellig aus 2 sicheren jungen Coins; Dev-Coins 1","Haelfte bei 2x; Rest raus, wenn Holder schrumpfen und Netto-Verkaeufer 2x in Folge, Liquiditaet -30%, -40%, nach 1,5x nicht unter Einstand, nach 2x 30 % vom Hoch (ab 10x 25 %)",NOTBREMSE (-43%),,
2026-09-29 09:04:54,ERGEBNIS,p/acc,BzX5mofDT6fKSK9zMrrj1eKbEL57kt8d8Fwwdx6Apump,0.000116637601732,0.1119,"Story verbreitet sich: Holder +1206%/h, 321 Netto-Kaeufer 5m, 0 organisch; Kontrollgruppe: zufaellig aus 2 sicheren jungen Coins; Dev-Coins 1","Haelfte bei 2x; Rest raus, wenn Holder schrumpfen und Netto-Verkaeufer 2x in Folge, Liquiditaet -30%, -40%, nach 1,5x nicht unter Einstand, nach 2x 30 % vom Hoch (ab 10x 25 %)",NOTBREMSE (-43%),-0.0896,-44.8
2026-09-29 09:07:42,VERKAUF,CHONKCAT,9XfpZm62wSzbN6XCpu3bM4HbTHwzPYEKhqnEh3vHpump,1.6076984326e-05,0.1844,"Story verbreitet sich: Holder +59%/h, 45 Netto-Kaeufer 5m, 0 organisch; Kontrollgruppe: zufaellig aus 2 sicheren jungen Coins; Dev-Coins 83","Haelfte bei 2x; Rest raus, wenn Holder schrumpfen und Netto-Verkaeufer 2x in Folge, Liquiditaet -30%, -40%, nach 1,5x nicht unter Einstand, nach 2x 30 % vom Hoch (ab 10x 25 %)","GEWINN_GESCHUETZT (Hoch 1.5x, zurueck auf Einstand)",,
2026-09-29 09:07:42,ERGEBNIS,CHONKCAT,9XfpZm62wSzbN6XCpu3bM4HbTHwzPYEKhqnEh3vHpump,1.6076984326e-05,0.1844,"Story verbreitet sich: Holder +59%/h, 45 Netto-Kaeufer 5m, 0 organisch; Kontrollgruppe: zufaellig aus 2 sicheren jungen Coins; Dev-Coins 83","Haelfte bei 2x; Rest raus, wenn Holder schrumpfen und Netto-Verkaeufer 2x in Folge, Liquiditaet -30%, -40%, nach 1,5x nicht unter Einstand, nach 2x 30 % vom Hoch (ab 10x 25 %)","GEWINN_GESCHUETZT (Hoch 1.5x, zurueck auf Einstand)",-0.0171,-8.6
2026-09-29 09:30:18,KAUF,MEME,memecaF4QW3vK9jndiGyhFFRfHikcUd1h1McZUUPB69,1.42104807402e-05,0.2000,"Story verbreitet sich: Holder +168%/h, 38 Netto-Kaeufer 5m, 18 organisch; Kontrollgruppe: zufaellig aus 3 sicheren jungen Coins; Dev-Coins 1","Haelfte bei 2x; Rest raus, wenn Holder schrumpfen und Netto-Verkaeufer 2x in Folge, Liquiditaet -30%, -40%, nach 1,5x nicht unter Einstand, nach 2x 30 % vom Hoch (ab 10x 25 %)",,,
2026-09-29 09:49:00,VERKAUF,BOPE,EdfUDQxVihNgHf7KDjhxC3ZSdXtNr33tojuKq3rgUCfv,6.66233341433e-05,0.1855,"Story verbreitet sich: Holder +23%/h, 38 Netto-Kaeufer 5m, 8 organisch; Kontrollgruppe: zufaellig aus 10 sicheren jungen Coins; Dev-Coins 657","Haelfte bei 2x; Rest raus, wenn Holder schrumpfen und Netto-Verkaeufer 2x in Folge, Liquiditaet -30%, -40%, nach 1,5x nicht unter Einstand, nach 2x 30 % vom Hoch (ab 10x 25 %)","GEWINN_GESCHUETZT (Hoch 1.8x, zurueck auf Einstand)",,
2026-09-29 09:49:00,ERGEBNIS,BOPE,EdfUDQxVihNgHf7KDjhxC3ZSdXtNr33tojuKq3rgUCfv,6.66233341433e-05,0.1855,"Story verbreitet sich: Holder +23%/h, 38 Netto-Kaeufer 5m, 8 organisch; Kontrollgruppe: zufaellig aus 10 sicheren jungen Coins; Dev-Coins 657","Haelfte bei 2x; Rest raus, wenn Holder schrumpfen und Netto-Verkaeufer 2x in Folge, Liquiditaet -30%, -40%, nach 1,5x nicht unter Einstand, nach 2x 30 % vom Hoch (ab 10x 25 %)","GEWINN_GESCHUETZT (Hoch 1.8x, zurueck auf Einstand)",-0.0160,-8.0
2026-09-29 10:01:05,VERKAUF,STELLA,9fxZsqT4zen2xVpa9xQgzM6Tvs2KjoshMQbqV4pApump,9.07086355666e-06,0.1499,"Story verbreitet sich: Holder +131%/h, 54 Netto-Kaeufer 5m, 0 organisch; Kontrollgruppe: zufaellig aus 2 sicheren jungen Coins; Dev-Coins 322","Haelfte bei 2x; Rest raus, wenn Holder schrumpfen und Netto-Verkaeufer 2x in Folge, Liquiditaet -30%, -40%, nach 1,5x nicht unter Einstand, nach 2x 30 % vom Hoch (ab 10x 25 %)","THESE_GEBROCHEN (Holder schrumpfen, Netto-Verkaeufer)",,
2026-09-29 10:01:05,ERGEBNIS,STELLA,9fxZsqT4zen2xVpa9xQgzM6Tvs2KjoshMQbqV4pApump,9.07086355666e-06,0.1499,"Story verbreitet sich: Holder +131%/h, 54 Netto-Kaeufer 5m, 0 organisch; Kontrollgruppe: zufaellig aus 2 sicheren jungen Coins; Dev-Coins 322","Haelfte bei 2x; Rest raus, wenn Holder schrumpfen und Netto-Verkaeufer 2x in Folge, Liquiditaet -30%, -40%, nach 1,5x nicht unter Einstand, nach 2x 30 % vom Hoch (ab 10x 25 %)","THESE_GEBROCHEN (Holder schrumpfen, Netto-Verkaeufer)",-0.0516,-25.8
2026-09-29 10:01:34,KAUF,COOKR,DdXVb6wPHqYqJLhKuKHFaFkppeftTfEGjFdDSK5Vpump,2.96422964655e-05,0.2000,"Story verbreitet sich: Holder +617%/h, 41 Netto-Kaeufer 5m, 6 organisch; Kontrollgruppe: zufaellig aus 4 sicheren jungen Coins; Dev-Coins 1","Haelfte bei 2x; Rest raus, wenn Holder schrumpfen und Netto-Verkaeufer 2x in Folge, Liquiditaet -30%, -40%, nach 1,5x nicht unter Einstand, nach 2x 30 % vom Hoch (ab 10x 25 %)",,,
2026-09-29 10:06:24,VERKAUF,MEME,memecaF4QW3vK9jndiGyhFFRfHikcUd1h1McZUUPB69,7.80593149554e-06,0.1043,"Story verbreitet sich: Holder +168%/h, 38 Netto-Kaeufer 5m, 18 organisch; Kontrollgruppe: zufaellig aus 3 sicheren jungen Coins; Dev-Coins 1","Haelfte bei 2x; Rest raus, wenn Holder schrumpfen und Netto-Verkaeufer 2x in Folge, Liquiditaet -30%, -40%, nach 1,5x nicht unter Einstand, nach 2x 30 % vom Hoch (ab 10x 25 %)",NOTBREMSE (-45%),,
2026-09-29 10:06:24,ERGEBNIS,MEME,memecaF4QW3vK9jndiGyhFFRfHikcUd1h1McZUUPB69,7.80593149554e-06,0.1043,"Story verbreitet sich: Holder +168%/h, 38 Netto-Kaeufer 5m, 18 organisch; Kontrollgruppe: zufaellig aus 3 sicheren jungen Coins; Dev-Coins 1","Haelfte bei 2x; Rest raus, wenn Holder schrumpfen und Netto-Verkaeufer 2x in Folge, Liquiditaet -30%, -40%, nach 1,5x nicht unter Einstand, nach 2x 30 % vom Hoch (ab 10x 25 %)",NOTBREMSE (-45%),-0.0972,-48.6
2026-09-29 10:19:27,VERKAUF,COOKR,DdXVb6wPHqYqJLhKuKHFaFkppeftTfEGjFdDSK5Vpump,1.6808491144e-05,0.1071,"Story verbreitet sich: Holder +617%/h, 41 Netto-Kaeufer 5m, 6 organisch; Kontrollgruppe: zufaellig aus 4 sicheren jungen Coins; Dev-Coins 1","Haelfte bei 2x; Rest raus, wenn Holder schrumpfen und Netto-Verkaeufer 2x in Folge, Liquiditaet -30%, -40%, nach 1,5x nicht unter Einstand, nach 2x 30 % vom Hoch (ab 10x 25 %)",NOTBREMSE (-43%),,
2026-09-29 10:19:27,ERGEBNIS,COOKR,DdXVb6wPHqYqJLhKuKHFaFkppeftTfEGjFdDSK5Vpump,1.6808491144e-05,0.1071,"Story verbreitet sich: Holder +617%/h, 41 Netto-Kaeufer 5m, 6 organisch; Kontrollgruppe: zufaellig aus 4 sicheren jungen Coins; Dev-Coins 1","Haelfte bei 2x; Rest raus, wenn Holder schrumpfen und Netto-Verkaeufer 2x in Folge, Liquiditaet -30%, -40%, nach 1,5x nicht unter Einstand, nach 2x 30 % vom Hoch (ab 10x 25 %)",NOTBREMSE (-43%),-0.0944,-47.2
2026-09-29 10:25:47,VERKAUF,Liza,7UfcTJD2RSRg9AJ4k2V2rs71Ew8Zy2avaU5roc8bpump,2.00293709816e-05,0.1893,"Story verbreitet sich: Holder +18%/h, 6 Netto-Kaeufer 5m, 4 organisch; Kontrollgruppe: zufaellig aus 7 sicheren jungen Coins; Dev-Coins 1","Haelfte bei 2x; Rest raus, wenn Holder schrumpfen und Netto-Verkaeufer 2x in Folge, Liquiditaet -30%, -40%, nach 1,5x nicht unter Einstand, nach 2x 30 % vom Hoch (ab 10x 25 %)","GEWINN_GESCHUETZT (Hoch 2.0x, zurueck auf Einstand)",,
2026-09-29 10:25:47,ERGEBNIS,Liza,7UfcTJD2RSRg9AJ4k2V2rs71Ew8Zy2avaU5roc8bpump,2.00293709816e-05,0.1893,"Story verbreitet sich: Holder +18%/h, 6 Netto-Kaeufer 5m, 4 organisch; Kontrollgruppe: zufaellig aus 7 sicheren jungen Coins; Dev-Coins 1","Haelfte bei 2x; Rest raus, wenn Holder schrumpfen und Netto-Verkaeufer 2x in Folge, Liquiditaet -30%, -40%, nach 1,5x nicht unter Einstand, nach 2x 30 % vom Hoch (ab 10x 25 %)","GEWINN_GESCHUETZT (Hoch 2.0x, zurueck auf Einstand)",-0.0122,-6.1
2026-09-29 10:31:55,KAUF,STRAIGHT,8ggKQ4J1CZCEieP6pKTx6MosipWK8c5qkRQQx5DFpump,0.000196275861174,0.2000,"Story verbreitet sich: Holder +738%/h, 187 Netto-Kaeufer 5m, 0 organisch; Kontrollgruppe: zufaellig aus 5 sicheren jungen Coins; Dev-Coins 1","Haelfte bei 2x; Rest raus, wenn Holder schrumpfen und Netto-Verkaeufer 2x in Folge, Liquiditaet -30%, -40%, nach 1,5x nicht unter Einstand, nach 2x 30 % vom Hoch (ab 10x 25 %)",,,
2026-09-29 10:33:27,VERKAUF,STRAIGHT,8ggKQ4J1CZCEieP6pKTx6MosipWK8c5qkRQQx5DFpump,0.000105176031846,0.1113,"Story verbreitet sich: Holder +738%/h, 187 Netto-Kaeufer 5m, 0 organisch; Kontrollgruppe: zufaellig aus 5 sicheren jungen Coins; Dev-Coins 1","Haelfte bei 2x; Rest raus, wenn Holder schrumpfen und Netto-Verkaeufer 2x in Folge, Liquiditaet -30%, -40%, nach 1,5x nicht unter Einstand, nach 2x 30 % vom Hoch (ab 10x 25 %)",NOTBREMSE (-46%),,
2026-09-29 10:33:27,ERGEBNIS,STRAIGHT,8ggKQ4J1CZCEieP6pKTx6MosipWK8c5qkRQQx5DFpump,0.000105176031846,0.1113,"Story verbreitet sich: Holder +738%/h, 187 Netto-Kaeufer 5m, 0 organisch; Kontrollgruppe: zufaellig aus 5 sicheren jungen Coins; Dev-Coins 1","Haelfte bei 2x; Rest raus, wenn Holder schrumpfen und Netto-Verkaeufer 2x in Folge, Liquiditaet -30%, -40%, nach 1,5x nicht unter Einstand, nach 2x 30 % vom Hoch (ab 10x 25 %)",NOTBREMSE (-46%),-0.0902,-45.1
2026-09-29 11:03:07,KAUF,POND,84D3VopU3g5qo7jUwzQK4P4BnVPQWr2MzeaRCFkHpump,7.31416073562e-05,0.2000,"Story verbreitet sich: Holder +1084%/h, 200 Netto-Kaeufer 5m, 20 organisch; Kontrollgruppe: zufaellig aus 3 sicheren jungen Coins; Dev-Coins 2","Haelfte bei 2x; Rest raus, wenn Holder schrumpfen und Netto-Verkaeufer 2x in Folge, Liquiditaet -30%, -40%, nach 1,5x nicht unter Einstand, nach 2x 30 % vom Hoch (ab 10x 25 %)",,,
2026-09-29 11:29:21,TEILVERKAUF,POND,84D3VopU3g5qo7jUwzQK4P4BnVPQWr2MzeaRCFkHpump,0.000155684323075,0.2005,"Story verbreitet sich: Holder +1084%/h, 200 Netto-Kaeufer 5m, 20 organisch; Kontrollgruppe: zufaellig aus 3 sicheren jungen Coins; Dev-Coins 2","Haelfte bei 2x; Rest raus, wenn Holder schrumpfen und Netto-Verkaeufer 2x in Folge, Liquiditaet -30%, -40%, nach 1,5x nicht unter Einstand, nach 2x 30 % vom Hoch (ab 10x 25 %)",HAELFTE_BEI_2X,,
2026-09-29 11:34:23,KAUF,CLONED,mcNySpeqg9ByLjyomCYE4sPCzsu4K3Rh5UVnPdapump,9.96341931252e-06,0.2000,"Story verbreitet sich: Holder +166%/h, 9 Netto-Kaeufer 5m, 2 organisch; Kontrollgruppe: zufaellig aus 4 sicheren jungen Coins; Dev-Coins 1","Haelfte bei 2x; Rest raus, wenn Holder schrumpfen und Netto-Verkaeufer 2x in Folge, Liquiditaet -30%, -40%, nach 1,5x nicht unter Einstand, nach 2x 30 % vom Hoch (ab 10x 25 %)",,,
2026-09-29 11:40:50,VERKAUF,POND,84D3VopU3g5qo7jUwzQK4P4BnVPQWr2MzeaRCFkHpump,0.000103883317607,0.1378,"Story verbreitet sich: Holder +1084%/h, 200 Netto-Kaeufer 5m, 20 organisch; Kontrollgruppe: zufaellig aus 3 sicheren jungen Coins; Dev-Coins 2","Haelfte bei 2x; Rest raus, wenn Holder schrumpfen und Netto-Verkaeufer 2x in Folge, Liquiditaet -30%, -40%, nach 1,5x nicht unter Einstand, nach 2x 30 % vom Hoch (ab 10x 25 %)",STORY_ABGEKUEHLT (30% unter dem Hoch von 2.2x),,
2026-09-29 11:40:50,ERGEBNIS,POND,84D3VopU3g5qo7jUwzQK4P4BnVPQWr2MzeaRCFkHpump,0.000103883317607,0.3383,"Story verbreitet sich: Holder +1084%/h, 200 Netto-Kaeufer 5m, 20 organisch; Kontrollgruppe: zufaellig aus 3 sicheren jungen Coins; Dev-Coins 2","Haelfte bei 2x; Rest raus, wenn Holder schrumpfen und Netto-Verkaeufer 2x in Folge, Liquiditaet -30%, -40%, nach 1,5x nicht unter Einstand, nach 2x 30 % vom Hoch (ab 10x 25 %)",STORY_ABGEKUEHLT (30% unter dem Hoch von 2.2x),+0.1368,+68.4
2026-09-29 12:02:22,VERKAUF,CLONED,mcNySpeqg9ByLjyomCYE4sPCzsu4K3Rh5UVnPdapump,9.88116738167e-06,0.1879,"Story verbreitet sich: Holder +166%/h, 9 Netto-Kaeufer 5m, 2 organisch; Kontrollgruppe: zufaellig aus 4 sicheren jungen Coins; Dev-Coins 1","Haelfte bei 2x; Rest raus, wenn Holder schrumpfen und Netto-Verkaeufer 2x in Folge, Liquiditaet -30%, -40%, nach 1,5x nicht unter Einstand, nach 2x 30 % vom Hoch (ab 10x 25 %)","GEWINN_GESCHUETZT (Hoch 1.8x, zurueck auf Einstand)",,
2026-09-29 12:02:22,ERGEBNIS,CLONED,mcNySpeqg9ByLjyomCYE4sPCzsu4K3Rh5UVnPdapump,9.88116738167e-06,0.1879,"Story verbreitet sich: Holder +166%/h, 9 Netto-Kaeufer 5m, 2 organisch; Kontrollgruppe: zufaellig aus 4 sicheren jungen Coins; Dev-Coins 1","Haelfte bei 2x; Rest raus, wenn Holder schrumpfen und Netto-Verkaeufer 2x in Folge, Liquiditaet -30%, -40%, nach 1,5x nicht unter Einstand, nach 2x 30 % vom Hoch (ab 10x 25 %)","GEWINN_GESCHUETZT (Hoch 1.8x, zurueck auf Einstand)",-0.0136,-6.8
2026-09-29 12:04:32,KAUF,BBB,rMPLDvnn6KR773WNhZvtFNcgFwnRkc7UbPkUaiMpump,1.27641554862e-05,0.2000,"Story verbreitet sich: Holder +954%/h, 33 Netto-Kaeufer 5m, 10 organisch; Kontrollgruppe: zufaellig aus 4 sicheren jungen Coins; Dev-Coins 1960","Haelfte bei 2x; Rest raus, wenn Holder schrumpfen und Netto-Verkaeufer 2x in Folge, Liquiditaet -30%, -40%, nach 1,5x nicht unter Einstand, nach 2x 30 % vom Hoch (ab 10x 25 %)",,,
2026-09-29 12:06:34,VERKAUF,BBB,rMPLDvnn6KR773WNhZvtFNcgFwnRkc7UbPkUaiMpump,7.28088177099e-06,0.1095,"Story verbreitet sich: Holder +954%/h, 33 Netto-Kaeufer 5m, 10 organisch; Kontrollgruppe: zufaellig aus 4 sicheren jungen Coins; Dev-Coins 1960","Haelfte bei 2x; Rest raus, wenn Holder schrumpfen und Netto-Verkaeufer 2x in Folge, Liquiditaet -30%, -40%, nach 1,5x nicht unter Einstand, nach 2x 30 % vom Hoch (ab 10x 25 %)",NOTBREMSE (-43%),,
2026-09-29 12:06:34,ERGEBNIS,BBB,rMPLDvnn6KR773WNhZvtFNcgFwnRkc7UbPkUaiMpump,7.28088177099e-06,0.1095,"Story verbreitet sich: Holder +954%/h, 33 Netto-Kaeufer 5m, 10 organisch; Kontrollgruppe: zufaellig aus 4 sicheren jungen Coins; Dev-Coins 1960","Haelfte bei 2x; Rest raus, wenn Holder schrumpfen und Netto-Verkaeufer 2x in Folge, Liquiditaet -30%, -40%, nach 1,5x nicht unter Einstand, nach 2x 30 % vom Hoch (ab 10x 25 %)",NOTBREMSE (-43%),-0.0920,-46.0
2026-09-29 12:35:13,KAUF,OPENWORLD,31hRQRgsUZ2BGqCCsVKTHTmDWv2uPPdCwmnEyrNPpump,1.68326178359e-05,0.2000,"Story verbreitet sich: Holder +-1%/h, 7 Netto-Kaeufer 5m, 0 organisch; Kontrollgruppe: zufaellig aus 4 sicheren jungen Coins; Dev-Coins 3","Haelfte bei 2x; Rest raus, wenn Holder schrumpfen und Netto-Verkaeufer 2x in Folge, Liquiditaet -30%, -40%, nach 1,5x nicht unter Einstand, nach 2x 30 % vom Hoch (ab 10x 25 %)",,,
2026-09-29 13:06:24,KAUF,inu,HrXtCbUQJB4Z8P2Y9yrzNk2xgp2V9yTKM1qsmKifLXR2,0.000149245604754,0.2000,"Story verbreitet sich: Holder +48%/h, 57 Netto-Kaeufer 5m, 1 organisch; Kontrollgruppe: zufaellig aus 4 sicheren jungen Coins; Dev-Coins 1965","Haelfte bei 2x; Rest raus, wenn Holder schrumpfen und Netto-Verkaeufer 2x in Folge, Liquiditaet -30%, -40%, nach 1,5x nicht unter Einstand, nach 2x 30 % vom Hoch (ab 10x 25 %)",,,
2026-09-29 13:37:10,KAUF,rock,5UfW9HxHQqBncdPgt3Vca3t68iSMXg2RxtCbnncKw6cV,6.04281795792e-05,0.2000,"Story verbreitet sich: Holder +-3%/h, 16 Netto-Kaeufer 5m, 9 organisch; Kontrollgruppe: zufaellig aus 8 sicheren jungen Coins; Dev-Coins 596","Haelfte bei 2x; Rest raus, wenn Holder schrumpfen und Netto-Verkaeufer 2x in Folge, Liquiditaet -30%, -40%, nach 1,5x nicht unter Einstand, nach 2x 30 % vom Hoch (ab 10x 25 %)",,,
2026-09-29 13:45:20,TEILVERKAUF,rock,5UfW9HxHQqBncdPgt3Vca3t68iSMXg2RxtCbnncKw6cV,0.000136427644745,0.2131,"Story verbreitet sich: Holder +-3%/h, 16 Netto-Kaeufer 5m, 9 organisch; Kontrollgruppe: zufaellig aus 8 sicheren jungen Coins; Dev-Coins 596","Haelfte bei 2x; Rest raus, wenn Holder schrumpfen und Netto-Verkaeufer 2x in Folge, Liquiditaet -30%, -40%, nach 1,5x nicht unter Einstand, nach 2x 30 % vom Hoch (ab 10x 25 %)",HAELFTE_BEI_2X,,
2026-09-29 13:56:08,VERKAUF,rock,5UfW9HxHQqBncdPgt3Vca3t68iSMXg2RxtCbnncKw6cV,0.000179909326076,0.2942,"Story verbreitet sich: Holder +-3%/h, 16 Netto-Kaeufer 5m, 9 organisch; Kontrollgruppe: zufaellig aus 8 sicheren jungen Coins; Dev-Coins 596","Haelfte bei 2x; Rest raus, wenn Holder schrumpfen und Netto-Verkaeufer 2x in Folge, Liquiditaet -30%, -40%, nach 1,5x nicht unter Einstand, nach 2x 30 % vom Hoch (ab 10x 25 %)",STORY_ABGEKUEHLT (30% unter dem Hoch von 5.0x),,
2026-09-29 13:56:08,ERGEBNIS,rock,5UfW9HxHQqBncdPgt3Vca3t68iSMXg2RxtCbnncKw6cV,0.000179909326076,0.5073,"Story verbreitet sich: Holder +-3%/h, 16 Netto-Kaeufer 5m, 9 organisch; Kontrollgruppe: zufaellig aus 8 sicheren jungen Coins; Dev-Coins 596","Haelfte bei 2x; Rest raus, wenn Holder schrumpfen und Netto-Verkaeufer 2x in Folge, Liquiditaet -30%, -40%, nach 1,5x nicht unter Einstand, nach 2x 30 % vom Hoch (ab 10x 25 %)",STORY_ABGEKUEHLT (30% unter dem Hoch von 5.0x),+0.3058,+152.9
2026-09-29 14:08:13,KAUF,THUMB,thummB4jC8Sp36HbZsvdw2czXQDcQ3VBTMwDdLJEbuC,5.94771978754e-05,0.2000,"Story verbreitet sich: Holder +657%/h, 87 Netto-Kaeufer 5m, 34 organisch; Kontrollgruppe: zufaellig aus 8 sicheren jungen Coins; Dev-Coins 1","Haelfte bei 2x; Rest raus, wenn Holder schrumpfen und Netto-Verkaeufer 2x in Folge, Liquiditaet -30%, -40%, nach 1,5x nicht unter Einstand, nach 2x 30 % vom Hoch (ab 10x 25 %)",,,
2026-09-29 14:19:36,TEILVERKAUF,inu,HrXtCbUQJB4Z8P2Y9yrzNk2xgp2V9yTKM1qsmKifLXR2,0.000369189617239,0.2591,"Story verbreitet sich: Holder +48%/h, 57 Netto-Kaeufer 5m, 1 organisch; Kontrollgruppe: zufaellig aus 4 sicheren jungen Coins; Dev-Coins 1965","Haelfte bei 2x; Rest raus, wenn Holder schrumpfen und Netto-Verkaeufer 2x in Folge, Liquiditaet -30%, -40%, nach 1,5x nicht unter Einstand, nach 2x 30 % vom Hoch (ab 10x 25 %)",HAELFTE_BEI_2X,,
2026-09-29 14:28:01,VERKAUF,inu,HrXtCbUQJB4Z8P2Y9yrzNk2xgp2V9yTKM1qsmKifLXR2,0.000227074365031,0.1591,"Story verbreitet sich: Holder +48%/h, 57 Netto-Kaeufer 5m, 1 organisch; Kontrollgruppe: zufaellig aus 4 sicheren jungen Coins; Dev-Coins 1965","Haelfte bei 2x; Rest raus, wenn Holder schrumpfen und Netto-Verkaeufer 2x in Folge, Liquiditaet -30%, -40%, nach 1,5x nicht unter Einstand, nach 2x 30 % vom Hoch (ab 10x 25 %)",STORY_ABGEKUEHLT (30% unter dem Hoch von 2.5x),,
2026-09-29 14:28:01,ERGEBNIS,inu,HrXtCbUQJB4Z8P2Y9yrzNk2xgp2V9yTKM1qsmKifLXR2,0.000227074365031,0.4182,"Story verbreitet sich: Holder +48%/h, 57 Netto-Kaeufer 5m, 1 organisch; Kontrollgruppe: zufaellig aus 4 sicheren jungen Coins; Dev-Coins 1965","Haelfte bei 2x; Rest raus, wenn Holder schrumpfen und Netto-Verkaeufer 2x in Folge, Liquiditaet -30%, -40%, nach 1,5x nicht unter Einstand, nach 2x 30 % vom Hoch (ab 10x 25 %)",STORY_ABGEKUEHLT (30% unter dem Hoch von 2.5x),+0.2167,+108.4
2026-09-29 14:39:08,KAUF,ZECBOX,7qt6ZK9kA9rdYSvospoZAcGJu6rYS6ngZrSkAr5iwWc1,2.68648591228e-05,0.2000,"Story verbreitet sich: Holder +-14%/h, 9 Netto-Kaeufer 5m, 1 organisch; Kontrollgruppe: zufaellig aus 8 sicheren jungen Coins; Dev-Coins 1","Haelfte bei 2x; Rest raus, wenn Holder schrumpfen und Netto-Verkaeufer 2x in Folge, Liquiditaet -30%, -40%, nach 1,5x nicht unter Einstand, nach 2x 30 % vom Hoch (ab 10x 25 %)",,,
2026-09-29 16:45:55,VERKAUF,THUMB,thummB4jC8Sp36HbZsvdw2czXQDcQ3VBTMwDdLJEbuC,1.21357791232e-05,0.0399,"Story verbreitet sich: Holder +657%/h, 87 Netto-Kaeufer 5m, 34 organisch; Kontrollgruppe: zufaellig aus 8 sicheren jungen Coins; Dev-Coins 1","Haelfte bei 2x; Rest raus, wenn Holder schrumpfen und Netto-Verkaeufer 2x in Folge, Liquiditaet -30%, -40%, nach 1,5x nicht unter Einstand, nach 2x 30 % vom Hoch (ab 10x 25 %)",NOTBREMSE (-80%),,
2026-09-29 16:45:55,ERGEBNIS,THUMB,thummB4jC8Sp36HbZsvdw2czXQDcQ3VBTMwDdLJEbuC,1.21357791232e-05,0.0399,"Story verbreitet sich: Holder +657%/h, 87 Netto-Kaeufer 5m, 34 organisch; Kontrollgruppe: zufaellig aus 8 sicheren jungen Coins; Dev-Coins 1","Haelfte bei 2x; Rest raus, wenn Holder schrumpfen und Netto-Verkaeufer 2x in Folge, Liquiditaet -30%, -40%, nach 1,5x nicht unter Einstand, nach 2x 30 % vom Hoch (ab 10x 25 %)",NOTBREMSE (-80%),-0.1616,-80.8
2026-09-29 16:46:05,KAUF,CORDY,A2FpxDBZXsCYccjAmBghjW7qkAuCbCpucrmEYd1ypump,1.51889651752e-05,0.2000,"Story verbreitet sich: Holder +106%/h, 28 Netto-Kaeufer 5m, 0 organisch; Kontrollgruppe: zufaellig aus 15 sicheren jungen Coins; Dev-Coins 1","Haelfte bei 2x; Rest raus, wenn Holder schrumpfen und Netto-Verkaeufer 2x in Folge, Liquiditaet -30%, -40%, nach 1,5x nicht unter Einstand, nach 2x 30 % vom Hoch (ab 10x 25 %)",,,
2026-09-29 16:51:07,TEILVERKAUF,ZECBOX,7qt6ZK9kA9rdYSvospoZAcGJu6rYS6ngZrSkAr5iwWc1,5.50053338912e-05,0.2047,"Story verbreitet sich: Holder +-14%/h, 9 Netto-Kaeufer 5m, 1 organisch; Kontrollgruppe: zufaellig aus 8 sicheren jungen Coins; Dev-Coins 1","Haelfte bei 2x; Rest raus, wenn Holder schrumpfen und Netto-Verkaeufer 2x in Folge, Liquiditaet -30%, -40%, nach 1,5x nicht unter Einstand, nach 2x 30 % vom Hoch (ab 10x 25 %)",HAELFTE_BEI_2X,,
2026-09-29 16:53:22,VERKAUF,OPENWORLD,31hRQRgsUZ2BGqCCsVKTHTmDWv2uPPdCwmnEyrNPpump,1.09961489697e-05,0.1295,"Story verbreitet sich: Holder +-1%/h, 7 Netto-Kaeufer 5m, 0 organisch; Kontrollgruppe: zufaellig aus 4 sicheren jungen Coins; Dev-Coins 3","Haelfte bei 2x; Rest raus, wenn Holder schrumpfen und Netto-Verkaeufer 2x in Folge, Liquiditaet -30%, -40%, nach 1,5x nicht unter Einstand, nach 2x 30 % vom Hoch (ab 10x 25 %)","THESE_GEBROCHEN (Holder schrumpfen, Netto-Verkaeufer)",,
2026-09-29 16:53:22,ERGEBNIS,OPENWORLD,31hRQRgsUZ2BGqCCsVKTHTmDWv2uPPdCwmnEyrNPpump,1.09961489697e-05,0.1295,"Story verbreitet sich: Holder +-1%/h, 7 Netto-Kaeufer 5m, 0 organisch; Kontrollgruppe: zufaellig aus 4 sicheren jungen Coins; Dev-Coins 3","Haelfte bei 2x; Rest raus, wenn Holder schrumpfen und Netto-Verkaeufer 2x in Folge, Liquiditaet -30%, -40%, nach 1,5x nicht unter Einstand, nach 2x 30 % vom Hoch (ab 10x 25 %)","THESE_GEBROCHEN (Holder schrumpfen, Netto-Verkaeufer)",-0.0720,-36.0
2026-09-29 16:59:48,VERKAUF,ZECBOX,7qt6ZK9kA9rdYSvospoZAcGJu6rYS6ngZrSkAr5iwWc1,4.24560641807e-05,0.1555,"Story verbreitet sich: Holder +-14%/h, 9 Netto-Kaeufer 5m, 1 organisch; Kontrollgruppe: zufaellig aus 8 sicheren jungen Coins; Dev-Coins 1","Haelfte bei 2x; Rest raus, wenn Holder schrumpfen und Netto-Verkaeufer 2x in Folge, Liquiditaet -30%, -40%, nach 1,5x nicht unter Einstand, nach 2x 30 % vom Hoch (ab 10x 25 %)",STORY_ABGEKUEHLT (30% unter dem Hoch von 2.3x),,
2026-09-29 16:59:48,ERGEBNIS,ZECBOX,7qt6ZK9kA9rdYSvospoZAcGJu6rYS6ngZrSkAr5iwWc1,4.24560641807e-05,0.3602,"Story verbreitet sich: Holder +-14%/h, 9 Netto-Kaeufer 5m, 1 organisch; Kontrollgruppe: zufaellig aus 8 sicheren jungen Coins; Dev-Coins 1","Haelfte bei 2x; Rest raus, wenn Holder schrumpfen und Netto-Verkaeufer 2x in Folge, Liquiditaet -30%, -40%, nach 1,5x nicht unter Einstand, nach 2x 30 % vom Hoch (ab 10x 25 %)",STORY_ABGEKUEHLT (30% unter dem Hoch von 2.3x),+0.1587,+79.3
2026-09-29 17:17:06,TEILVERKAUF,CORDY,A2FpxDBZXsCYccjAmBghjW7qkAuCbCpucrmEYd1ypump,3.0543937217e-05,0.1965,"Story verbreitet sich: Holder +106%/h, 28 Netto-Kaeufer 5m, 0 organisch; Kontrollgruppe: zufaellig aus 15 sicheren jungen Coins; Dev-Coins 1","Haelfte bei 2x; Rest raus, wenn Holder schrumpfen und Netto-Verkaeufer 2x in Folge, Liquiditaet -30%, -40%, nach 1,5x nicht unter Einstand, nach 2x 30 % vom Hoch (ab 10x 25 %)",HAELFTE_BEI_2X,,
2026-09-29 17:17:17,KAUF,NUTS,9LjCz1MSVj88yHypvjHg1rRhiUg53vUFPv9mxK9Spump,1.50935237339e-05,0.2000,"Story verbreitet sich: Holder +762%/h, 51 Netto-Kaeufer 5m, 0 organisch; Kontrollgruppe: zufaellig aus 15 sicheren jungen Coins; Dev-Coins 203","Haelfte bei 2x; Rest raus, wenn Holder schrumpfen und Netto-Verkaeufer 2x in Folge, Liquiditaet -30%, -40%, nach 1,5x nicht unter Einstand, nach 2x 30 % vom Hoch (ab 10x 25 %)",,,
2026-09-29 17:29:22,VERKAUF,NUTS,9LjCz1MSVj88yHypvjHg1rRhiUg53vUFPv9mxK9Spump,8.09973053099e-06,0.1030,"Story verbreitet sich: Holder +762%/h, 51 Netto-Kaeufer 5m, 0 organisch; Kontrollgruppe: zufaellig aus 15 sicheren jungen Coins; Dev-Coins 203","Haelfte bei 2x; Rest raus, wenn Holder schrumpfen und Netto-Verkaeufer 2x in Folge, Liquiditaet -30%, -40%, nach 1,5x nicht unter Einstand, nach 2x 30 % vom Hoch (ab 10x 25 %)",NOTBREMSE (-46%),,
2026-09-29 17:29:22,ERGEBNIS,NUTS,9LjCz1MSVj88yHypvjHg1rRhiUg53vUFPv9mxK9Spump,8.09973053099e-06,0.1030,"Story verbreitet sich: Holder +762%/h, 51 Netto-Kaeufer 5m, 0 organisch; Kontrollgruppe: zufaellig aus 15 sicheren jungen Coins; Dev-Coins 203","Haelfte bei 2x; Rest raus, wenn Holder schrumpfen und Netto-Verkaeufer 2x in Folge, Liquiditaet -30%, -40%, nach 1,5x nicht unter Einstand, nach 2x 30 % vom Hoch (ab 10x 25 %)",NOTBREMSE (-46%),-0.0985,-49.2
2026-09-29 17:37:50,VERKAUF,CORDY,A2FpxDBZXsCYccjAmBghjW7qkAuCbCpucrmEYd1ypump,4.5283959727e-06,0.0267,"Story verbreitet sich: Holder +106%/h, 28 Netto-Kaeufer 5m, 0 organisch; Kontrollgruppe: zufaellig aus 15 sicheren jungen Coins; Dev-Coins 1","Haelfte bei 2x; Rest raus, wenn Holder schrumpfen und Netto-Verkaeufer 2x in Folge, Liquiditaet -30%, -40%, nach 1,5x nicht unter Einstand, nach 2x 30 % vom Hoch (ab 10x 25 %)",NOTBREMSE (-70%),,
2026-09-29 17:37:50,ERGEBNIS,CORDY,A2FpxDBZXsCYccjAmBghjW7qkAuCbCpucrmEYd1ypump,4.5283959727e-06,0.2231,"Story verbreitet sich: Holder +106%/h, 28 Netto-Kaeufer 5m, 0 organisch; Kontrollgruppe: zufaellig aus 15 sicheren jungen Coins; Dev-Coins 1","Haelfte bei 2x; Rest raus, wenn Holder schrumpfen und Netto-Verkaeufer 2x in Folge, Liquiditaet -30%, -40%, nach 1,5x nicht unter Einstand, nach 2x 30 % vom Hoch (ab 10x 25 %)",NOTBREMSE (-70%),+0.0216,+10.8
2026-09-29 17:48:11,KAUF,cNFTs,A71Uf3jwg57fNedSao9eFwm9eKSLYFbVJ85T4fuXpump,0.000733861428025,0.2000,"Story verbreitet sich: Holder +2%/h, 139 Netto-Kaeufer 5m, 25 organisch; Kontrollgruppe: zufaellig aus 15 sicheren jungen Coins; Dev-Coins 1","Haelfte bei 2x; Rest raus, wenn Holder schrumpfen und Netto-Verkaeufer 2x in Folge, Liquiditaet -30%, -40%, nach 1,5x nicht unter Einstand, nach 2x 30 % vom Hoch (ab 10x 25 %)",,,
2026-09-29 18:03:10,VERKAUF,cNFTs,A71Uf3jwg57fNedSao9eFwm9eKSLYFbVJ85T4fuXpump,0.000432482322449,0.1125,"Story verbreitet sich: Holder +2%/h, 139 Netto-Kaeufer 5m, 25 organisch; Kontrollgruppe: zufaellig aus 15 sicheren jungen Coins; Dev-Coins 1","Haelfte bei 2x; Rest raus, wenn Holder schrumpfen und Netto-Verkaeufer 2x in Folge, Liquiditaet -30%, -40%, nach 1,5x nicht unter Einstand, nach 2x 30 % vom Hoch (ab 10x 25 %)",NOTBREMSE (-41%),,
2026-09-29 18:03:10,ERGEBNIS,cNFTs,A71Uf3jwg57fNedSao9eFwm9eKSLYFbVJ85T4fuXpump,0.000432482322449,0.1125,"Story verbreitet sich: Holder +2%/h, 139 Netto-Kaeufer 5m, 25 organisch; Kontrollgruppe: zufaellig aus 15 sicheren jungen Coins; Dev-Coins 1","Haelfte bei 2x; Rest raus, wenn Holder schrumpfen und Netto-Verkaeufer 2x in Folge, Liquiditaet -30%, -40%, nach 1,5x nicht unter Einstand, nach 2x 30 % vom Hoch (ab 10x 25 %)",NOTBREMSE (-41%),-0.0890,-44.5
2026-09-29 18:19:21,KAUF,TRENCH,E6sjrpkdVbKqATkDqUqZYC3fP55yiwdNVtendGsYindx,3.36164312088e-05,0.2000,"Story verbreitet sich: Holder +556%/h, 93 Netto-Kaeufer 5m, 0 organisch; Kontrollgruppe: zufaellig aus 14 sicheren jungen Coins; Dev-Coins 6","Haelfte bei 2x; Rest raus, wenn Holder schrumpfen und Netto-Verkaeufer 2x in Folge, Liquiditaet -30%, -40%, nach 1,5x nicht unter Einstand, nach 2x 30 % vom Hoch (ab 10x 25 %)",,,
2026-09-29 18:20:34,GRADUATION,TRENCH,E6sjrpkdVbKqATkDqUqZYC3fP55yiwdNVtendGsYindx,2.57295890704e-05,0.0000,"Story verbreitet sich: Holder +556%/h, 93 Netto-Kaeufer 5m, 0 organisch; Kontrollgruppe: zufaellig aus 14 sicheren jungen Coins; Dev-Coins 6","Haelfte bei 2x; Rest raus, wenn Holder schrumpfen und Netto-Verkaeufer 2x in Folge, Liquiditaet -30%, -40%, nach 1,5x nicht unter Einstand, nach 2x 30 % vom Hoch (ab 10x 25 %)","Umzug in neuen Pool, Liquiditaetsbasis neu gesetzt",,
2026-09-29 18:20:48,VERKAUF,TRENCH,E6sjrpkdVbKqATkDqUqZYC3fP55yiwdNVtendGsYindx,1.35963067699e-05,0.1187,"Story verbreitet sich: Holder +556%/h, 93 Netto-Kaeufer 5m, 0 organisch; Kontrollgruppe: zufaellig aus 14 sicheren jungen Coins; Dev-Coins 6","Haelfte bei 2x; Rest raus, wenn Holder schrumpfen und Netto-Verkaeufer 2x in Folge, Liquiditaet -30%, -40%, nach 1,5x nicht unter Einstand, nach 2x 30 % vom Hoch (ab 10x 25 %)",NOTBREMSE (-60%),,
2026-09-29 18:20:48,ERGEBNIS,TRENCH,E6sjrpkdVbKqATkDqUqZYC3fP55yiwdNVtendGsYindx,1.35963067699e-05,0.1187,"Story verbreitet sich: Holder +556%/h, 93 Netto-Kaeufer 5m, 0 organisch; Kontrollgruppe: zufaellig aus 14 sicheren jungen Coins; Dev-Coins 6","Haelfte bei 2x; Rest raus, wenn Holder schrumpfen und Netto-Verkaeufer 2x in Folge, Liquiditaet -30%, -40%, nach 1,5x nicht unter Einstand, nach 2x 30 % vom Hoch (ab 10x 25 %)",NOTBREMSE (-60%),-0.0828,-41.4
2026-09-29 18:50:10,KAUF,RKLB,RKLBnAXGqv31iZomqsuAWkQm1aqC7JwwvbCfzGdqAhz,70.2294707063,0.2000,"Story verbreitet sich: Holder +-3%/h, 70 Netto-Kaeufer 5m, 9 organisch; Kontrollgruppe: zufaellig aus 16 sicheren jungen Coins; Dev-Coins 35","Haelfte bei 2x; Rest raus, wenn Holder schrumpfen und Netto-Verkaeufer 2x in Folge, Liquiditaet -30%, -40%, nach 1,5x nicht unter Einstand, nach 2x 30 % vom Hoch (ab 10x 25 %)",,,
2026-09-29 19:21:49,KAUF,SI,7GYk6spb1x9V3YS5F4qcARfhp242Nd64Dq1rhHCAmtb3,0.000114871165457,0.2000,"Story verbreitet sich: Holder +1981%/h, 155 Netto-Kaeufer 5m, 32 organisch; Kontrollgruppe: zufaellig aus 17 sicheren jungen Coins; Dev-Coins 166515","Haelfte bei 2x; Rest raus, wenn Holder schrumpfen und Netto-Verkaeufer 2x in Folge, Liquiditaet -30%, -40%, nach 1,5x nicht unter Einstand, nach 2x 30 % vom Hoch (ab 10x 25 %)",,,
2026-09-29 19:32:44,VERKAUF,RKLB,RKLBnAXGqv31iZomqsuAWkQm1aqC7JwwvbCfzGdqAhz,69.542330603,0.1959,"Story verbreitet sich: Holder +-3%/h, 70 Netto-Kaeufer 5m, 9 organisch; Kontrollgruppe: zufaellig aus 16 sicheren jungen Coins; Dev-Coins 35","Haelfte bei 2x; Rest raus, wenn Holder schrumpfen und Netto-Verkaeufer 2x in Folge, Liquiditaet -30%, -40%, nach 1,5x nicht unter Einstand, nach 2x 30 % vom Hoch (ab 10x 25 %)",LIQUIDITAET_ABGEZOGEN,,
2026-09-29 19:32:44,ERGEBNIS,RKLB,RKLBnAXGqv31iZomqsuAWkQm1aqC7JwwvbCfzGdqAhz,69.542330603,0.1959,"Story verbreitet sich: Holder +-3%/h, 70 Netto-Kaeufer 5m, 9 organisch; Kontrollgruppe: zufaellig aus 16 sicheren jungen Coins; Dev-Coins 35","Haelfte bei 2x; Rest raus, wenn Holder schrumpfen und Netto-Verkaeufer 2x in Folge, Liquiditaet -30%, -40%, nach 1,5x nicht unter Einstand, nach 2x 30 % vom Hoch (ab 10x 25 %)",LIQUIDITAET_ABGEZOGEN,-0.0056,-2.8
2026-09-29 19:34:26,VERKAUF,SI,7GYk6spb1x9V3YS5F4qcARfhp242Nd64Dq1rhHCAmtb3,6.44883106945e-05,0.1126,"Story verbreitet sich: Holder +1981%/h, 155 Netto-Kaeufer 5m, 32 organisch; Kontrollgruppe: zufaellig aus 17 sicheren jungen Coins; Dev-Coins 166515","Haelfte bei 2x; Rest raus, wenn Holder schrumpfen und Netto-Verkaeufer 2x in Folge, Liquiditaet -30%, -40%, nach 1,5x nicht unter Einstand, nach 2x 30 % vom Hoch (ab 10x 25 %)",NOTBREMSE (-44%),,
2026-09-29 19:34:26,ERGEBNIS,SI,7GYk6spb1x9V3YS5F4qcARfhp242Nd64Dq1rhHCAmtb3,6.44883106945e-05,0.1126,"Story verbreitet sich: Holder +1981%/h, 155 Netto-Kaeufer 5m, 32 organisch; Kontrollgruppe: zufaellig aus 17 sicheren jungen Coins; Dev-Coins 166515","Haelfte bei 2x; Rest raus, wenn Holder schrumpfen und Netto-Verkaeufer 2x in Folge, Liquiditaet -30%, -40%, nach 1,5x nicht unter Einstand, nach 2x 30 % vom Hoch (ab 10x 25 %)",NOTBREMSE (-44%),-0.0889,-44.4
2026-09-29 19:52:50,KAUF,BabySI,BnAiH6Qu9cdL7gRvue8qbbE92CQRSqKox8UAtpispump,6.93367416177e-05,0.2000,"Story verbreitet sich: Holder +1802%/h, 50 Netto-Kaeufer 5m, 9 organisch; Kontrollgruppe: zufaellig aus 18 sicheren jungen Coins; Dev-Coins 187","Haelfte bei 2x; Rest raus, wenn Holder schrumpfen und Netto-Verkaeufer 2x in Folge, Liquiditaet -30%, -40%, nach 1,5x nicht unter Einstand, nach 2x 30 % vom Hoch (ab 10x 25 %)",,,
2026-09-29 20:23:17,KAUF,ASI,BV3WYhhvaS3NzwksJmmupo53xs6Lrk37QEbECtqTpump,1.96613890365e-05,0.2000,"Story verbreitet sich: Holder +2041%/h, 47 Netto-Kaeufer 5m, 11 organisch; Kontrollgruppe: zufaellig aus 16 sicheren jungen Coins; Dev-Coins 1545","Haelfte bei 2x; Rest raus, wenn Holder schrumpfen und Netto-Verkaeufer 2x in Folge, Liquiditaet -30%, -40%, nach 1,5x nicht unter Einstand, nach 2x 30 % vom Hoch (ab 10x 25 %)",,,
2026-09-29 20:32:27,TEILVERKAUF,BabySI,BnAiH6Qu9cdL7gRvue8qbbE92CQRSqKox8UAtpispump,0.000140835300387,0.1961,"Story verbreitet sich: Holder +1802%/h, 50 Netto-Kaeufer 5m, 9 organisch; Kontrollgruppe: zufaellig aus 18 sicheren jungen Coins; Dev-Coins 187","Haelfte bei 2x; Rest raus, wenn Holder schrumpfen und Netto-Verkaeufer 2x in Folge, Liquiditaet -30%, -40%, nach 1,5x nicht unter Einstand, nach 2x 30 % vom Hoch (ab 10x 25 %)",HAELFTE_BEI_2X,,
2026-09-29 20:40:52,TEILVERKAUF,ASI,BV3WYhhvaS3NzwksJmmupo53xs6Lrk37QEbECtqTpump,4.03989482602e-05,0.2004,"Story verbreitet sich: Holder +2041%/h, 47 Netto-Kaeufer 5m, 11 organisch; Kontrollgruppe: zufaellig aus 16 sicheren jungen Coins; Dev-Coins 1545","Haelfte bei 2x; Rest raus, wenn Holder schrumpfen und Netto-Verkaeufer 2x in Folge, Liquiditaet -30%, -40%, nach 1,5x nicht unter Einstand, nach 2x 30 % vom Hoch (ab 10x 25 %)",HAELFTE_BEI_2X,,
2026-09-29 20:48:28,VERKAUF,BabySI,BnAiH6Qu9cdL7gRvue8qbbE92CQRSqKox8UAtpispump,8.57489733027e-05,0.1252,"Story verbreitet sich: Holder +1802%/h, 50 Netto-Kaeufer 5m, 9 organisch; Kontrollgruppe: zufaellig aus 18 sicheren jungen Coins; Dev-Coins 187","Haelfte bei 2x; Rest raus, wenn Holder schrumpfen und Netto-Verkaeufer 2x in Folge, Liquiditaet -30%, -40%, nach 1,5x nicht unter Einstand, nach 2x 30 % vom Hoch (ab 10x 25 %)",STORY_ABGEKUEHLT (30% unter dem Hoch von 2.7x),,
2026-09-29 20:48:28,ERGEBNIS,BabySI,BnAiH6Qu9cdL7gRvue8qbbE92CQRSqKox8UAtpispump,8.57489733027e-05,0.3213,"Story verbreitet sich: Holder +1802%/h, 50 Netto-Kaeufer 5m, 9 organisch; Kontrollgruppe: zufaellig aus 18 sicheren jungen Coins; Dev-Coins 187","Haelfte bei 2x; Rest raus, wenn Holder schrumpfen und Netto-Verkaeufer 2x in Folge, Liquiditaet -30%, -40%, nach 1,5x nicht unter Einstand, nach 2x 30 % vom Hoch (ab 10x 25 %)",STORY_ABGEKUEHLT (30% unter dem Hoch von 2.7x),+0.1198,+59.9
2026-09-29 20:49:59,GRADUATION,ASI,BV3WYhhvaS3NzwksJmmupo53xs6Lrk37QEbECtqTpump,5.84539382911e-05,0.0000,"Story verbreitet sich: Holder +2041%/h, 47 Netto-Kaeufer 5m, 11 organisch; Kontrollgruppe: zufaellig aus 16 sicheren jungen Coins; Dev-Coins 1545","Haelfte bei 2x; Rest raus, wenn Holder schrumpfen und Netto-Verkaeufer 2x in Folge, Liquiditaet -30%, -40%, nach 1,5x nicht unter Einstand, nach 2x 30 % vom Hoch (ab 10x 25 %)","Umzug in neuen Pool, Liquiditaetsbasis neu gesetzt",,
2026-09-29 20:52:59,VERKAUF,ASI,BV3WYhhvaS3NzwksJmmupo53xs6Lrk37QEbECtqTpump,4.85520805061e-05,0.2384,"Story verbreitet sich: Holder +2041%/h, 47 Netto-Kaeufer 5m, 11 organisch; Kontrollgruppe: zufaellig aus 16 sicheren jungen Coins; Dev-Coins 1545","Haelfte bei 2x; Rest raus, wenn Holder schrumpfen und Netto-Verkaeufer 2x in Folge, Liquiditaet -30%, -40%, nach 1,5x nicht unter Einstand, nach 2x 30 % vom Hoch (ab 10x 25 %)",STORY_ABGEKUEHLT (30% unter dem Hoch von 3.6x),,
2026-09-29 20:52:59,ERGEBNIS,ASI,BV3WYhhvaS3NzwksJmmupo53xs6Lrk37QEbECtqTpump,4.85520805061e-05,0.4388,"Story verbreitet sich: Holder +2041%/h, 47 Netto-Kaeufer 5m, 11 organisch; Kontrollgruppe: zufaellig aus 16 sicheren jungen Coins; Dev-Coins 1545","Haelfte bei 2x; Rest raus, wenn Holder schrumpfen und Netto-Verkaeufer 2x in Folge, Liquiditaet -30%, -40%, nach 1,5x nicht unter Einstand, nach 2x 30 % vom Hoch (ab 10x 25 %)",STORY_ABGEKUEHLT (30% unter dem Hoch von 3.6x),+0.2373,+118.6
2026-09-29 20:55:38,KAUF,JUF,GFkfaUEJApu9Jf2AmAN2hgk5SteXRXJ19opJoL5bZwKw,6.84971644385e-05,0.2000,"Story verbreitet sich: Holder +23%/h, 19 Netto-Kaeufer 5m, 5 organisch; Kontrollgruppe: zufaellig aus 20 sicheren jungen Coins; Dev-Coins 1","Haelfte bei 2x; Rest raus, wenn Holder schrumpfen und Netto-Verkaeufer 2x in Folge, Liquiditaet -30%, -40%, nach 1,5x nicht unter Einstand, nach 2x 30 % vom Hoch (ab 10x 25 %)",,,
2026-09-29 21:14:12,VERKAUF,JUF,GFkfaUEJApu9Jf2AmAN2hgk5SteXRXJ19opJoL5bZwKw,2.94517941109e-05,0.0906,"Story verbreitet sich: Holder +23%/h, 19 Netto-Kaeufer 5m, 5 organisch; Kontrollgruppe: zufaellig aus 20 sicheren jungen Coins; Dev-Coins 1","Haelfte bei 2x; Rest raus, wenn Holder schrumpfen und Netto-Verkaeufer 2x in Folge, Liquiditaet -30%, -40%, nach 1,5x nicht unter Einstand, nach 2x 30 % vom Hoch (ab 10x 25 %)",NOTBREMSE (-57%),,
2026-09-29 21:14:12,ERGEBNIS,JUF,GFkfaUEJApu9Jf2AmAN2hgk5SteXRXJ19opJoL5bZwKw,2.94517941109e-05,0.0906,"Story verbreitet sich: Holder +23%/h, 19 Netto-Kaeufer 5m, 5 organisch; Kontrollgruppe: zufaellig aus 20 sicheren jungen Coins; Dev-Coins 1","Haelfte bei 2x; Rest raus, wenn Holder schrumpfen und Netto-Verkaeufer 2x in Folge, Liquiditaet -30%, -40%, nach 1,5x nicht unter Einstand, nach 2x 30 % vom Hoch (ab 10x 25 %)",NOTBREMSE (-57%),-0.1109,-55.5
2026-09-29 21:26:26,KAUF,CROCS,6Vuz122BbhCoBSXLH94JdMamHAJhRGBKGJJ1i2TWpump,0.000167538128915,0.2000,"Story verbreitet sich: Holder +10%/h, 16 Netto-Kaeufer 5m, 12 organisch; Kontrollgruppe: zufaellig aus 16 sicheren jungen Coins; Dev-Coins 1","Haelfte bei 2x; Rest raus, wenn Holder schrumpfen und Netto-Verkaeufer 2x in Folge, Liquiditaet -30%, -40%, nach 1,5x nicht unter Einstand, nach 2x 30 % vom Hoch (ab 10x 25 %)",,,
2026-09-29 21:56:29,KAUF,SI,97SkmPTaFH5zT4QD2KjSsmxaPmKG3PL9kxb3KMtsJwfs,0.000211134737364,0.2000,"Story verbreitet sich: Holder +-2%/h, 49 Netto-Kaeufer 5m, 6 organisch; Kontrollgruppe: zufaellig aus 19 sicheren jungen Coins; Dev-Coins 135","Haelfte bei 2x; Rest raus, wenn Holder schrumpfen und Netto-Verkaeufer 2x in Folge, Liquiditaet -30%, -40%, nach 1,5x nicht unter Einstand, nach 2x 30 % vom Hoch (ab 10x 25 %)",,,
2026-09-29 22:14:22,VERKAUF,SI,97SkmPTaFH5zT4QD2KjSsmxaPmKG3PL9kxb3KMtsJwfs,0.000124988942827,0.1239,"Story verbreitet sich: Holder +-2%/h, 49 Netto-Kaeufer 5m, 6 organisch; Kontrollgruppe: zufaellig aus 19 sicheren jungen Coins; Dev-Coins 135","Haelfte bei 2x; Rest raus, wenn Holder schrumpfen und Netto-Verkaeufer 2x in Folge, Liquiditaet -30%, -40%, nach 1,5x nicht unter Einstand, nach 2x 30 % vom Hoch (ab 10x 25 %)",NOTBREMSE (-41%),,
2026-09-29 22:14:22,ERGEBNIS,SI,97SkmPTaFH5zT4QD2KjSsmxaPmKG3PL9kxb3KMtsJwfs,0.000124988942827,0.1239,"Story verbreitet sich: Holder +-2%/h, 49 Netto-Kaeufer 5m, 6 organisch; Kontrollgruppe: zufaellig aus 19 sicheren jungen Coins; Dev-Coins 135","Haelfte bei 2x; Rest raus, wenn Holder schrumpfen und Netto-Verkaeufer 2x in Folge, Liquiditaet -30%, -40%, nach 1,5x nicht unter Einstand, nach 2x 30 % vom Hoch (ab 10x 25 %)",NOTBREMSE (-41%),-0.0776,-38.8
2026-09-29 22:27:02,KAUF,EV,4arisZWtGpHEjKfLZwUDnzop8oMMAN5proKUQFZ7qLPf,1.35628965843e-05,0.2000,"Story verbreitet sich: Holder +-3%/h, 5 Netto-Kaeufer 5m, 0 organisch; Kontrollgruppe: zufaellig aus 20 sicheren jungen Coins; Dev-Coins 1","Haelfte bei 2x; Rest raus, wenn Holder schrumpfen und Netto-Verkaeufer 2x in Folge, Liquiditaet -30%, -40%, nach 1,5x nicht unter Einstand, nach 2x 30 % vom Hoch (ab 10x 25 %)",,,
2026-09-29 22:57:24,KAUF,NFLX,NFLX7qV57zuVxCoHy3s1jiGZyALraLNwttbxdvmYJLJ,70.5938520549,0.2000,"Story verbreitet sich: Holder +3%/h, 53 Netto-Kaeufer 5m, 9 organisch; Kontrollgruppe: zufaellig aus 19 sicheren jungen Coins; Dev-Coins 1140","Haelfte bei 2x; Rest raus, wenn Holder schrumpfen und Netto-Verkaeufer 2x in Folge, Liquiditaet -30%, -40%, nach 1,5x nicht unter Einstand, nach 2x 30 % vom Hoch (ab 10x 25 %)",,,
2026-09-29 22:57:57,VERKAUF,EV,4arisZWtGpHEjKfLZwUDnzop8oMMAN5proKUQFZ7qLPf,1.40940961895e-05,0.2054,"Story verbreitet sich: Holder +-3%/h, 5 Netto-Kaeufer 5m, 0 organisch; Kontrollgruppe: zufaellig aus 20 sicheren jungen Coins; Dev-Coins 1","Haelfte bei 2x; Rest raus, wenn Holder schrumpfen und Netto-Verkaeufer 2x in Folge, Liquiditaet -30%, -40%, nach 1,5x nicht unter Einstand, nach 2x 30 % vom Hoch (ab 10x 25 %)","THESE_GEBROCHEN (Holder schrumpfen, Netto-Verkaeufer)",,
2026-09-29 22:57:57,ERGEBNIS,EV,4arisZWtGpHEjKfLZwUDnzop8oMMAN5proKUQFZ7qLPf,1.40940961895e-05,0.2054,"Story verbreitet sich: Holder +-3%/h, 5 Netto-Kaeufer 5m, 0 organisch; Kontrollgruppe: zufaellig aus 20 sicheren jungen Coins; Dev-Coins 1","Haelfte bei 2x; Rest raus, wenn Holder schrumpfen und Netto-Verkaeufer 2x in Folge, Liquiditaet -30%, -40%, nach 1,5x nicht unter Einstand, nach 2x 30 % vom Hoch (ab 10x 25 %)","THESE_GEBROCHEN (Holder schrumpfen, Netto-Verkaeufer)",+0.0039,+1.9
2026-09-29 23:06:55,VERKAUF,CROCS,6Vuz122BbhCoBSXLH94JdMamHAJhRGBKGJJ1i2TWpump,9.94968318564e-05,0.1165,"Story verbreitet sich: Holder +10%/h, 16 Netto-Kaeufer 5m, 12 organisch; Kontrollgruppe: zufaellig aus 16 sicheren jungen Coins; Dev-Coins 1","Haelfte bei 2x; Rest raus, wenn Holder schrumpfen und Netto-Verkaeufer 2x in Folge, Liquiditaet -30%, -40%, nach 1,5x nicht unter Einstand, nach 2x 30 % vom Hoch (ab 10x 25 %)",NOTBREMSE (-41%),,
2026-09-29 23:06:55,ERGEBNIS,CROCS,6Vuz122BbhCoBSXLH94JdMamHAJhRGBKGJJ1i2TWpump,9.94968318564e-05,0.1165,"Story verbreitet sich: Holder +10%/h, 16 Netto-Kaeufer 5m, 12 organisch; Kontrollgruppe: zufaellig aus 16 sicheren jungen Coins; Dev-Coins 1","Haelfte bei 2x; Rest raus, wenn Holder schrumpfen und Netto-Verkaeufer 2x in Folge, Liquiditaet -30%, -40%, nach 1,5x nicht unter Einstand, nach 2x 30 % vom Hoch (ab 10x 25 %)",NOTBREMSE (-41%),-0.0850,-42.5
2026-09-29 23:28:26,KAUF,SI,3VPoXaRcXxju8qgkVRN87UuXZxbdBD7zyaXPDqqmpump,0.000205096732437,0.2000,"Story verbreitet sich: Holder +11%/h, 11 Netto-Kaeufer 5m, 5 organisch; Kontrollgruppe: zufaellig aus 15 sicheren jungen Coins; Dev-Coins 477","Haelfte bei 2x; Rest raus, wenn Holder schrumpfen und Netto-Verkaeufer 2x in Folge, Liquiditaet -30%, -40%, nach 1,5x nicht unter Einstand, nach 2x 30 % vom Hoch (ab 10x 25 %)",,,
2026-09-29 23:49:37,VERKAUF,NFLX,NFLX7qV57zuVxCoHy3s1jiGZyALraLNwttbxdvmYJLJ,71.4869018615,0.1980,"Story verbreitet sich: Holder +3%/h, 53 Netto-Kaeufer 5m, 9 organisch; Kontrollgruppe: zufaellig aus 19 sicheren jungen Coins; Dev-Coins 1140","Haelfte bei 2x; Rest raus, wenn Holder schrumpfen und Netto-Verkaeufer 2x in Folge, Liquiditaet -30%, -40%, nach 1,5x nicht unter Einstand, nach 2x 30 % vom Hoch (ab 10x 25 %)",LIQUIDITAET_ABGEZOGEN,,
2026-09-29 23:49:37,ERGEBNIS,NFLX,NFLX7qV57zuVxCoHy3s1jiGZyALraLNwttbxdvmYJLJ,71.4869018615,0.1980,"Story verbreitet sich: Holder +3%/h, 53 Netto-Kaeufer 5m, 9 organisch; Kontrollgruppe: zufaellig aus 19 sicheren jungen Coins; Dev-Coins 1140","Haelfte bei 2x; Rest raus, wenn Holder schrumpfen und Netto-Verkaeufer 2x in Folge, Liquiditaet -30%, -40%, nach 1,5x nicht unter Einstand, nach 2x 30 % vom Hoch (ab 10x 25 %)",LIQUIDITAET_ABGEZOGEN,-0.0035,-1.8
2026-09-29 23:59:59,KAUF,APE,AX56Rh6wbykQsPHtXYLiCWR1KmDbmjySdbxgGAjQpump,2.57473441883e-05,0.2000,"Story verbreitet sich: Holder +227%/h, 91 Netto-Kaeufer 5m, 0 organisch; Kontrollgruppe: zufaellig aus 13 sicheren jungen Coins; Dev-Coins 10","Haelfte bei 2x; Rest raus, wenn Holder schrumpfen und Netto-Verkaeufer 2x in Folge, Liquiditaet -30%, -40%, nach 1,5x nicht unter Einstand, nach 2x 30 % vom Hoch (ab 10x 25 %)",,,
2026-09-30 00:05:36,GRADUATION,APE,AX56Rh6wbykQsPHtXYLiCWR1KmDbmjySdbxgGAjQpump,5.18226861605e-05,0.0000,"Story verbreitet sich: Holder +227%/h, 91 Netto-Kaeufer 5m, 0 organisch; Kontrollgruppe: zufaellig aus 13 sicheren jungen Coins; Dev-Coins 10","Haelfte bei 2x; Rest raus, wenn Holder schrumpfen und Netto-Verkaeufer 2x in Folge, Liquiditaet -30%, -40%, nach 1,5x nicht unter Einstand, nach 2x 30 % vom Hoch (ab 10x 25 %)","Umzug in neuen Pool, Liquiditaetsbasis neu gesetzt",,
2026-09-30 00:05:37,TEILVERKAUF,APE,AX56Rh6wbykQsPHtXYLiCWR1KmDbmjySdbxgGAjQpump,5.18226861605e-05,0.1793,"Story verbreitet sich: Holder +227%/h, 91 Netto-Kaeufer 5m, 0 organisch; Kontrollgruppe: zufaellig aus 13 sicheren jungen Coins; Dev-Coins 10","Haelfte bei 2x; Rest raus, wenn Holder schrumpfen und Netto-Verkaeufer 2x in Folge, Liquiditaet -30%, -40%, nach 1,5x nicht unter Einstand, nach 2x 30 % vom Hoch (ab 10x 25 %)",HAELFTE_BEI_2X,,
2026-09-30 00:06:15,VERKAUF,APE,AX56Rh6wbykQsPHtXYLiCWR1KmDbmjySdbxgGAjQpump,4.69760320967e-05,0.2148,"Story verbreitet sich: Holder +227%/h, 91 Netto-Kaeufer 5m, 0 organisch; Kontrollgruppe: zufaellig aus 13 sicheren jungen Coins; Dev-Coins 10","Haelfte bei 2x; Rest raus, wenn Holder schrumpfen und Netto-Verkaeufer 2x in Folge, Liquiditaet -30%, -40%, nach 1,5x nicht unter Einstand, nach 2x 30 % vom Hoch (ab 10x 25 %)",LIQUIDITAET_ABGEZOGEN,,
2026-09-30 00:06:15,ERGEBNIS,APE,AX56Rh6wbykQsPHtXYLiCWR1KmDbmjySdbxgGAjQpump,4.69760320967e-05,0.3941,"Story verbreitet sich: Holder +227%/h, 91 Netto-Kaeufer 5m, 0 organisch; Kontrollgruppe: zufaellig aus 13 sicheren jungen Coins; Dev-Coins 10","Haelfte bei 2x; Rest raus, wenn Holder schrumpfen und Netto-Verkaeufer 2x in Folge, Liquiditaet -30%, -40%, nach 1,5x nicht unter Einstand, nach 2x 30 % vom Hoch (ab 10x 25 %)",LIQUIDITAET_ABGEZOGEN,+0.1926,+96.3
2026-09-30 00:30:02,KAUF,CULT,CD6HVRQTtKarnXBsSYFageG8v2p6bpYigG5XHP7NCULT,3.44142756147e-05,0.2000,"Story verbreitet sich: Holder +-23%/h, 20 Netto-Kaeufer 5m, 8 organisch; Kontrollgruppe: zufaellig aus 20 sicheren jungen Coins; Dev-Coins 21","Haelfte bei 2x; Rest raus, wenn Holder schrumpfen und Netto-Verkaeufer 2x in Folge, Liquiditaet -30%, -40%, nach 1,5x nicht unter Einstand, nach 2x 30 % vom Hoch (ab 10x 25 %)",,,
2026-09-30 00:53:47,VERKAUF,CULT,CD6HVRQTtKarnXBsSYFageG8v2p6bpYigG5XHP7NCULT,2.04047169156e-05,0.1162,"Story verbreitet sich: Holder +-23%/h, 20 Netto-Kaeufer 5m, 8 organisch; Kontrollgruppe: zufaellig aus 20 sicheren jungen Coins; Dev-Coins 21","Haelfte bei 2x; Rest raus, wenn Holder schrumpfen und Netto-Verkaeufer 2x in Folge, Liquiditaet -30%, -40%, nach 1,5x nicht unter Einstand, nach 2x 30 % vom Hoch (ab 10x 25 %)",NOTBREMSE (-41%),,
2026-09-30 00:53:47,ERGEBNIS,CULT,CD6HVRQTtKarnXBsSYFageG8v2p6bpYigG5XHP7NCULT,2.04047169156e-05,0.1162,"Story verbreitet sich: Holder +-23%/h, 20 Netto-Kaeufer 5m, 8 organisch; Kontrollgruppe: zufaellig aus 20 sicheren jungen Coins; Dev-Coins 21","Haelfte bei 2x; Rest raus, wenn Holder schrumpfen und Netto-Verkaeufer 2x in Folge, Liquiditaet -30%, -40%, nach 1,5x nicht unter Einstand, nach 2x 30 % vom Hoch (ab 10x 25 %)",NOTBREMSE (-41%),-0.0853,-42.6
2026-09-30 01:00:29,KAUF,SI,7Wh6rxVWUBFCNCWCz7nLaV7z3SDr2M6rFTjjWP6aE8p1,0.000351016659529,0.2000,"Story verbreitet sich: Holder +2%/h, 67 Netto-Kaeufer 5m, 10 organisch; Kontrollgruppe: zufaellig aus 21 sicheren jungen Coins; Dev-Coins 561","Haelfte bei 2x; Rest raus, wenn Holder schrumpfen und Netto-Verkaeufer 2x in Folge, Liquiditaet -30%, -40%, nach 1,5x nicht unter Einstand, nach 2x 30 % vom Hoch (ab 10x 25 %)",,,
2026-09-30 01:27:49,VERKAUF,SI,3VPoXaRcXxju8qgkVRN87UuXZxbdBD7zyaXPDqqmpump,0.000228410511282,0.2205,"Story verbreitet sich: Holder +11%/h, 11 Netto-Kaeufer 5m, 5 organisch; Kontrollgruppe: zufaellig aus 15 sicheren jungen Coins; Dev-Coins 477","Haelfte bei 2x; Rest raus, wenn Holder schrumpfen und Netto-Verkaeufer 2x in Folge, Liquiditaet -30%, -40%, nach 1,5x nicht unter Einstand, nach 2x 30 % vom Hoch (ab 10x 25 %)","THESE_GEBROCHEN (Holder schrumpfen, Netto-Verkaeufer)",,
2026-09-30 01:27:49,ERGEBNIS,SI,3VPoXaRcXxju8qgkVRN87UuXZxbdBD7zyaXPDqqmpump,0.000228410511282,0.2205,"Story verbreitet sich: Holder +11%/h, 11 Netto-Kaeufer 5m, 5 organisch; Kontrollgruppe: zufaellig aus 15 sicheren jungen Coins; Dev-Coins 477","Haelfte bei 2x; Rest raus, wenn Holder schrumpfen und Netto-Verkaeufer 2x in Folge, Liquiditaet -30%, -40%, nach 1,5x nicht unter Einstand, nach 2x 30 % vom Hoch (ab 10x 25 %)","THESE_GEBROCHEN (Holder schrumpfen, Netto-Verkaeufer)",+0.0190,+9.5
2026-09-30 01:31:07,KAUF,SI,DtFkKBC3Cmi9j3SxBGRUd8gvBLw7nAasrvUJFB69yubM,2.64127221446e-05,0.2000,"Story verbreitet sich: Holder +-6%/h, 8 Netto-Kaeufer 5m, 0 organisch; Kontrollgruppe: zufaellig aus 15 sicheren jungen Coins; Dev-Coins 2","Haelfte bei 2x; Rest raus, wenn Holder schrumpfen und Netto-Verkaeufer 2x in Folge, Liquiditaet -30%, -40%, nach 1,5x nicht unter Einstand, nach 2x 30 % vom Hoch (ab 10x 25 %)",,,
2026-09-30 01:43:17,VERKAUF,SI,7Wh6rxVWUBFCNCWCz7nLaV7z3SDr2M6rFTjjWP6aE8p1,0.000205640353596,0.1143,"Story verbreitet sich: Holder +2%/h, 67 Netto-Kaeufer 5m, 10 organisch; Kontrollgruppe: zufaellig aus 21 sicheren jungen Coins; Dev-Coins 561","Haelfte bei 2x; Rest raus, wenn Holder schrumpfen und Netto-Verkaeufer 2x in Folge, Liquiditaet -30%, -40%, nach 1,5x nicht unter Einstand, nach 2x 30 % vom Hoch (ab 10x 25 %)",NOTBREMSE (-41%),,
2026-09-30 01:43:17,ERGEBNIS,SI,7Wh6rxVWUBFCNCWCz7nLaV7z3SDr2M6rFTjjWP6aE8p1,0.000205640353596,0.1143,"Story verbreitet sich: Holder +2%/h, 67 Netto-Kaeufer 5m, 10 organisch; Kontrollgruppe: zufaellig aus 21 sicheren jungen Coins; Dev-Coins 561","Haelfte bei 2x; Rest raus, wenn Holder schrumpfen und Netto-Verkaeufer 2x in Folge, Liquiditaet -30%, -40%, nach 1,5x nicht unter Einstand, nach 2x 30 % vom Hoch (ab 10x 25 %)",NOTBREMSE (-41%),-0.0872,-43.6
2026-09-30 02:03:32,KAUF,HI,6iAj2oywQMiD9NeyTcW1S7UtG7e3jSK7Ud5ZJDqJpump,0.000168751160211,0.2000,"Story verbreitet sich: Holder +24%/h, 14 Netto-Kaeufer 5m, 1 organisch; Kontrollgruppe: zufaellig aus 24 sicheren jungen Coins; Dev-Coins 1","Haelfte bei 2x; Rest raus, wenn Holder schrumpfen und Netto-Verkaeufer 2x in Folge, Liquiditaet -30%, -40%, nach 1,5x nicht unter Einstand, nach 2x 30 % vom Hoch (ab 10x 25 %)",,,
2026-09-30 02:20:51,VERKAUF,SI,DtFkKBC3Cmi9j3SxBGRUd8gvBLw7nAasrvUJFB69yubM,2.47988525407e-05,0.1847,"Story verbreitet sich: Holder +-6%/h, 8 Netto-Kaeufer 5m, 0 organisch; Kontrollgruppe: zufaellig aus 15 sicheren jungen Coins; Dev-Coins 2","Haelfte bei 2x; Rest raus, wenn Holder schrumpfen und Netto-Verkaeufer 2x in Folge, Liquiditaet -30%, -40%, nach 1,5x nicht unter Einstand, nach 2x 30 % vom Hoch (ab 10x 25 %)","THESE_GEBROCHEN (Holder schrumpfen, Netto-Verkaeufer)",,
2026-09-30 02:20:51,ERGEBNIS,SI,DtFkKBC3Cmi9j3SxBGRUd8gvBLw7nAasrvUJFB69yubM,2.47988525407e-05,0.1847,"Story verbreitet sich: Holder +-6%/h, 8 Netto-Kaeufer 5m, 0 organisch; Kontrollgruppe: zufaellig aus 15 sicheren jungen Coins; Dev-Coins 2","Haelfte bei 2x; Rest raus, wenn Holder schrumpfen und Netto-Verkaeufer 2x in Folge, Liquiditaet -30%, -40%, nach 1,5x nicht unter Einstand, nach 2x 30 % vom Hoch (ab 10x 25 %)","THESE_GEBROCHEN (Holder schrumpfen, Netto-Verkaeufer)",-0.0168,-8.4
2026-09-30 02:33:58,KAUF,BabyBird,FSRqeGt3y8SNZ411y818V6ruY5vP6uaLy2KifCSypump,2.23425157148e-05,0.2000,"Story verbreitet sich: Holder +938%/h, 27 Netto-Kaeufer 5m, 5 organisch; Kontrollgruppe: zufaellig aus 19 sicheren jungen Coins; Dev-Coins 2","Haelfte bei 2x; Rest raus, wenn Holder schrumpfen und Netto-Verkaeufer 2x in Folge, Liquiditaet -30%, -40%, nach 1,5x nicht unter Einstand, nach 2x 30 % vom Hoch (ab 10x 25 %)",,,
2026-09-30 02:45:35,VERKAUF,BabyBird,FSRqeGt3y8SNZ411y818V6ruY5vP6uaLy2KifCSypump,1.34013750718e-05,0.1155,"Story verbreitet sich: Holder +938%/h, 27 Netto-Kaeufer 5m, 5 organisch; Kontrollgruppe: zufaellig aus 19 sicheren jungen Coins; Dev-Coins 2","Haelfte bei 2x; Rest raus, wenn Holder schrumpfen und Netto-Verkaeufer 2x in Folge, Liquiditaet -30%, -40%, nach 1,5x nicht unter Einstand, nach 2x 30 % vom Hoch (ab 10x 25 %)",NOTBREMSE (-40%),,
2026-09-30 02:45:35,ERGEBNIS,BabyBird,FSRqeGt3y8SNZ411y818V6ruY5vP6uaLy2KifCSypump,1.34013750718e-05,0.1155,"Story verbreitet sich: Holder +938%/h, 27 Netto-Kaeufer 5m, 5 organisch; Kontrollgruppe: zufaellig aus 19 sicheren jungen Coins; Dev-Coins 2","Haelfte bei 2x; Rest raus, wenn Holder schrumpfen und Netto-Verkaeufer 2x in Folge, Liquiditaet -30%, -40%, nach 1,5x nicht unter Einstand, nach 2x 30 % vom Hoch (ab 10x 25 %)",NOTBREMSE (-40%),-0.0860,-43.0
2026-09-30 03:04:36,KAUF,FKCANCER,J47Jmw8ndwu6Vt6ZubD9C9VUVHi6uWsBE2XPsEjmpump,0.000128857756727,0.2000,"Story verbreitet sich: Holder +-6%/h, 8 Netto-Kaeufer 5m, 2 organisch; Kontrollgruppe: zufaellig aus 24 sicheren jungen Coins; Dev-Coins 1","Haelfte bei 2x; Rest raus, wenn Holder schrumpfen und Netto-Verkaeufer 2x in Folge, Liquiditaet -30%, -40%, nach 1,5x nicht unter Einstand, nach 2x 30 % vom Hoch (ab 10x 25 %)",,,
