zeit,mint,symbol,phase,minuten_seit_kauf,vielfaches,hoch_vielfaches,teilverkauf,holder_1h_pct,netto_kaeufer_5m,liquiditaet,preis_usd
2026-10-03 00:00:12,Dhvy5F2ZecEw8tqLdpASjjsRcmooisCfebw6U9Vwbng9,PACKS,nach_verkauf,205.0,0.2758,1.0000,1,-9.2,0,4294,4.88962476578e-06
2026-10-03 00:00:12,B3Hewcs6iX53XkaYq7ipEuq3EmzMw1UWYr2eX17Y7VMh,NEST,nach_verkauf,194.2,0.2004,1.0089,1,-12.1,0,3761,3.7071469094e-06
2026-10-03 00:00:12,6CV9QRGWBkDUvVwesQRv493ERzJQCt9igaPXagmVpump,RBX,nach_verkauf,178.1,0.1759,1.3303,1,-11.8,0,4276,4.80209446923e-06
2026-10-03 00:00:13,wdysfTqUsJ8qAVB1796BXgGisThoBzu1keQmdgswdyt,WDYT,exp_heisse_coins_offen,253.7,0.8180,1.3597,0,-1.3,6,72808,0.0013478995442
2026-10-03 00:00:13,Dhvy5F2ZecEw8tqLdpASjjsRcmooisCfebw6U9Vwbng9,PACKS,exp_ohne_limit_nach_verkauf,205.0,0.2759,1.0000,1,-9.2,0,4294,4.88962476578e-06
2026-10-03 00:00:13,B3Hewcs6iX53XkaYq7ipEuq3EmzMw1UWYr2eX17Y7VMh,NEST,exp_ohne_limit_nach_verkauf,194.3,0.2004,1.0089,1,-12.1,0,3761,3.7071469094e-06
2026-10-03 00:00:13,6CV9QRGWBkDUvVwesQRv493ERzJQCt9igaPXagmVpump,RBX,exp_ohne_limit_nach_verkauf,178.2,0.1759,1.3303,1,-11.8,0,4276,4.80209446923e-06
2026-10-03 00:00:14,5tV3Lfx8WNE63ZfCUWnBoFBwe8v6idUhuqg9ipDsDJyy,POOPYBOT,exp_kontrollgruppe_offen,61.2,0.6990,1.4776,0,2.9,153,101344,0.000611692965322
2026-10-03 00:00:14,EctWxLaSn6gMzchCrpZtazJnQDZTWb8438gXwxZZUJz8,INU,exp_kontrollgruppe_offen,29.6,0.7530,1.2204,0,-10.0,7,6309,3.24698850271e-05
2026-10-03 00:00:15,CsGBrh4kBQ91AUhyrfnUcGYdGY1LZnDhKsRxEv6mpump,RAT-02,exp_endspurt_offen,8.2,1.3217,1.3217,0,646.7,51,13569,4.81406447222e-05
2026-10-03 00:00:16,CsGBrh4kBQ91AUhyrfnUcGYdGY1LZnDhKsRxEv6mpump,RAT-02,exp_endspurt_ohne_filter_offen,8.1,1.3319,1.3319,0,646.7,51,13569,4.81406447222e-05
2026-10-03 00:00:16,7YQAjyFiPixABeQZFRMDt4avFC8KfF8gQm4qJQHvv2Sc,XYZ100,exp_endspurt_ohne_filter_nach_verkauf,335.8,0.0843,1.3261,1,-1.9,0,546,3.27752015385e-06
2026-10-03 00:00:16,5VjZFSvTbJHP169wqAUedRdFsFMTQGFSsFNUU5RGSi33,JIMMY,exp_endspurt_ohne_filter_nach_verkauf,322.1,0.1369,1.4331,1,0.0,0,1024,4.57873745622e-06
2026-10-03 00:00:16,DbRL5KRAun9g4CWs2MVZsitxee61CapEBgx17WzQjpYG,Dan,exp_endspurt_ohne_filter_nach_verkauf,344.4,0.6261,1.6415,1,18.2,0,4655,2.14830320238e-05
2026-10-03 00:00:16,DwGaPbfodBGz1sPEkkGht6nWpqD19RTP7thHUbX4s3bZ,RUI,exp_endspurt_ohne_filter_nach_verkauf,314.1,0.1052,1.0000,1,-2.6,0,3785,3.76789416285e-06
2026-10-03 00:00:16,BpiHPgU64gzmZwdwfr6e1xBVXNqiqxUpBQHwkxEVpump,XingXing,exp_endspurt_ohne_filter_nach_verkauf,307.8,0.0883,2.0703,1,-0.5,0,548,3.25928339057e-06
2026-10-03 00:00:16,FyRYWqg6Q4ATy8fpqmxGJVPxYFqTEF1dHaehBMkCpump,ZETA,exp_endspurt_ohne_filter_nach_verkauf,292.1,0.0797,1.8267,1,-2.9,0,589,3.35686481818e-06
2026-10-03 00:00:16,fHF5ZPCmY1NHN4K4aD6dTyoFG9wE8TJU5qp6zPGpump,artcoin,exp_endspurt_ohne_filter_nach_verkauf,279.8,0.2104,4.3029,1,-3.5,0,1898,7.20375378658e-06
2026-10-03 00:00:16,CxjdQW3ssu23fPwtJqMr7biVH1j7xwzUwb3vPTMhpump,GRANDPA,exp_endspurt_ohne_filter_nach_verkauf,248.5,0.4717,1.1032,1,0.9,2,4457,2.03070594232e-05
2026-10-03 00:00:16,BvGaSNVZdn52Gp6q7WY527eE1svJus8xHx4jxCQ6pump,.si,exp_endspurt_ohne_filter_nach_verkauf,190.7,0.0966,1.6074,1,-2.4,0,378,2.87697704192e-06
2026-10-03 00:00:16,AYkTxWJHAgp95Xu1SDkmqzTpvpKmG7wLiUpUgzKVpump,SV,exp_endspurt_ohne_filter_nach_verkauf,190.7,0.0935,2.2082,1,-6.0,0,514,3.14591901635e-06
2026-10-03 00:00:16,36MGGQQDEjUQrFZTZBYqPiSd4CFfUQY1DpdT9pZJcXMv,Comet,exp_endspurt_ohne_filter_nach_verkauf,180.1,0.2990,1.0460,1,-1.7,10,6554,1.12060518142e-05
2026-10-03 00:00:16,H5CoqoPkoSTD9vsnjPeQo8Q56GHkvQByfXcxeo63rrob,rentahuman,exp_endspurt_ohne_filter_nach_verkauf,169.6,0.1621,1.2902,1,0.0,0,3622,3.43778996472e-06
2026-10-03 00:00:16,4XoNCZgEpGFb3JZt94e9FVqVm3BQaBWuEFTuYyjAKYc6,FRANK,exp_endspurt_ohne_filter_nach_verkauf,158.9,0.1082,1.4860,1,-3.3,0,777,3.86458746174e-06
2026-10-03 00:00:16,2TVBshvdBthnjt5orazEEM12QCwQCX6aUDLxMVYXpump,PUMPIN,exp_endspurt_ohne_filter_nach_verkauf,156.9,0.2527,1.7610,1,-23.6,2,3729,8.41090709675e-06
2026-10-03 00:00:16,9kMdP2jH6RDqqitzCAqCkuMZVhyWXh2ntjHzSdv1jJiM,B&M,exp_endspurt_ohne_filter_nach_verkauf,156.8,0.8969,1.4754,1,2.6,6,6278,3.33659402103e-05
2026-10-03 00:00:16,J6nQhwg8CpKjSpo6X3hMNHbcpYtMA2L41AYB5zzPpump,fimble,exp_endspurt_ohne_filter_nach_verkauf,137.4,0.1236,1.2718,1,-13.1,0,958,4.38692130003e-06
2026-10-03 00:00:16,FLXmqULjxa5neWG8thsPZcAGX93VFCB4ZbniCy9Tpump,PAYROLL,exp_endspurt_ohne_filter_nach_verkauf,125.1,0.1077,3.3805,1,-10.1,1,667,3.51005058684e-06
2026-10-03 00:00:16,F81DvXEAiAVxtzCcLbw1n5MJSdwgzdXc4WPxmh3Kpump,lever,exp_endspurt_ohne_filter_nach_verkauf,116.3,0.0754,2.3238,1,-5.4,0,277,2.59445682976e-06
2026-10-03 00:00:16,HiRaHLdHjrH9u6jfgYAMnmknzfKv6FoxqiBEc3DPmvQc,HAMSTER,exp_endspurt_ohne_filter_nach_verkauf,111.2,0.1381,1.2142,1,-14.1,0,3855,3.89328617572e-06
2026-10-03 00:00:16,Fo8QZyEzLPSECptkYNvFUg3ZrabAiHx81qbvxviQpump,VITALY,exp_endspurt_ohne_filter_nach_verkauf,101.3,0.2184,1.3024,1,2.5,7,5150,6.93579764984e-06
2026-10-03 00:00:16,7pBgBnqoFAsLga3mbswgcL3brW2k8hcJmVx6NecEpump,OPS,exp_endspurt_ohne_filter_nach_verkauf,59.2,0.0984,1.0026,1,-77.2,0,3844,3.87608417207e-06
2026-10-03 00:00:16,DptLiPxXuP5xwU6ZSKN4Fqx1bRCzmo41geLLM7Fepump,NEWCOON,exp_endspurt_ohne_filter_nach_verkauf,42.2,0.1114,1.3684,1,-3.3,0,943,4.30907003689e-06
2026-10-03 00:00:16,FtCot9E8ynW9cG116aGrHmFGFwwENKzrST5R6SoHpump,MINDS,exp_endspurt_ohne_filter_nach_verkauf,33.1,0.4430,1.1750,1,101.1,46,3955,1.74160879716e-05
2026-10-03 00:00:28,AA9Far6n8iUg8ubeKPMstaULhbA3KFritxHZnRgApump,CHMOD,abgelehnt_LIQUIDITAET_ZU_GERING,358.7,0.2263,1.0000,0,-3.5,0,643,3.48839007856e-06
2026-10-03 00:00:28,7SNPfmwXg8CkPW5QDtiySnUe5vUGwoUQnUqMXN9ypump,CUBS,abgelehnt_KEINE_ECHTEN_KAEUFER,354.0,0.3180,1.0000,0,-8.3,0,4138,4.48685552106e-06
2026-10-03 00:00:28,9aMWQVpRa13HQD9VtamU4ct6m5um1wsgpqgMqztrXTiC,drone,abgelehnt_SCHON_GELAUFEN,341.3,0.1477,1.0960,0,0.0,0,2484,3.25164996362e-06
2026-10-03 00:00:28,6jmJbuPy6m5ZqvwbvGp21iT3b7ebG6AEhsy4jER2LYFm,FISH,abgelehnt_FOMO_SPRUNG,336.3,0.5738,1.6348,0,-6.2,2,28261,0.000124964915135
2026-10-03 00:00:28,6DrVZ746mG3ccccVLpX4ZdCjnVZt5LNzrZJ4GeAhpump,pumpjak,abgelehnt_BUNDLE_CHECK_NICHT_MOEGLICH,329.3,0.0070,1.0000,0,-1.0,0,720,2.99895562676e-06
2026-10-03 00:00:28,6aQrmqw5aNTpeaToTAuYPZ4X1UBt7YbJMMBwjYKdarna,ARENA,abgelehnt_LIQUIDITAET_ZU_GERING,324.1,0.2255,1.0376,0,-1.3,0,554,3.2758527987e-06
2026-10-03 00:00:28,AJPertGGMDmM75fb6jiB8MPfFu61ouLDtW6UBvf3pump,BRUME,abgelehnt_STORY_ZU_ALT,316.0,0.3698,1.0973,0,-3.4,0,2371,8.2270330923e-06
2026-10-03 00:00:28,XLBLxbY1Mr7aadnqAbmqSBXLEyUdjvUXtXCnz8Mpump,SOCKET,abgelehnt_STORY_ZU_ALT,309.8,1.7584,2.3935,0,-1.9,12,51448,0.0004407279704
2026-10-03 00:00:28,6yE4hFwwLzNbUjJCoA99Z12gA3yjaK1KAQTVG32dFtoo,Ada,abgelehnt_STORY_ZU_ALT,304.9,0.3087,1.0000,0,-2.5,0,2677,2.95101083934e-06
2026-10-03 00:00:28,D1nTjyp6hk14qnNvCap3rATeB6yj6BxoPsZ5r9Whpump,GROX,abgelehnt_VERBREITUNG_STOCKT,297.1,0.6801,1.0245,0,-8.3,3,6284,1.03114525196e-05
2026-10-03 00:00:28,9ZhBWrsVTgdWsM31EP9nBEvw3KXEE4qL4Aq2FFZrhLxX,GOLDCAT,abgelehnt_FOMO_SPRUNG,284.8,0.4026,1.0000,0,-4.8,2,5373,1.22222239346e-05
2026-10-03 00:00:28,AbMG6MaBJhaAFnJtiPzxBcz2AEW3m3wrcyeCnEXWpump,HEIST,abgelehnt_FOMO_SPRUNG,283.2,1.5109,2.2274,0,-5.1,0,11710,8.78369119848e-05
2026-10-03 00:00:28,5GDX5fJTQns4arM1J94wjxdA8KXFsV5qW46MLFpHpump,OMNI,abgelehnt_VERBREITUNG_STOCKT,281.7,11.3641,12.4420,0,87.9,45,60157,0.000777293412407
2026-10-03 00:00:28,AUUeDvfh9YqkkevoF6JTXeR2FpdtGvHQaCBJ9fB8pump,PUMPEPE,abgelehnt_BUNDLE_CHECK_NICHT_MOEGLICH,269.0,0.0126,1.0000,0,-0.3,0,771,2.95493394484e-06
2026-10-03 00:00:28,CiAszaNZULwaVAb1FdSWtKSvjVcHu9KcNCaBdt9cpump,ARTCOIN,abgelehnt_VERBREITUNG_STOCKT,265.6,0.6174,1.1228,0,-4.2,0,3307,1.35713977951e-05
2026-10-03 00:00:28,wdysfTqUsJ8qAVB1796BXgGisThoBzu1keQmdgswdyt,WDYT,abgelehnt_BUNDLE_CHECK_NICHT_MOEGLICH,254.5,0.9218,1.5328,0,-1.1,6,72808,0.00134750160578
2026-10-03 00:00:28,G9p7h8bRUMFjZBDZ9Q8Sv3mQmDLJFiYPTLKrNzzFGn6B,MAZK,abgelehnt_STORY_ZU_ALT,248.9,0.5113,1.2253,0,-2.5,0,8096,2.76806564463e-05
2026-10-03 00:00:28,HZ4qZQJ7yf6WR1D24GLRLJ3cKUfgtJEF3B7SdLMLvCPZ,9e9,abgelehnt_FOMO_SPRUNG,243.4,0.0567,1.0949,0,-9.7,0,2812,9.57150362457e-06
2026-10-03 00:00:28,CJZaHX5RQbvKrRyMoUU9D3jyvXj8Yy7QLLmcKvoopump,Pumpkinu,abgelehnt_FOMO_SPRUNG,240.2,0.0061,1.4531,0,-0.4,1,2669,5.98644156711e-06
2026-10-03 00:00:28,HUzsazhQoEBooLPQktSoYTVcKKVSZ9AyhZPs3x93pump,WIFWWW,abgelehnt_BUNDLE_CHECK_NICHT_MOEGLICH,240.2,0.0052,1.2126,0,-0.8,0,2154,4.96804127466e-06
2026-10-03 00:00:28,7CTRbkV1tVuq1f59pRxT1Pb2W5AHG4gM9FMH4rGzKiXv,si.gov,abgelehnt_STORY_ZU_ALT,234.2,0.9255,1.4037,0,-1.3,5,25609,0.000205079140188
2026-10-03 00:00:28,6irHJ66p7HKYHkfPnNaJHJdVfpfJ3AtM3Gse68K2PRLD,BlackCock,abgelehnt_DEV_VERDAECHTIG,229.3,0.0636,1.1265,0,-7.0,2,5948,1.81712397667e-05
2026-10-03 00:00:28,FTyqvUHnt7z4wfkbGAKGsR43bbVmZffv24qRs4j3gej9,CUMMUNITY,abgelehnt_DEV_VERDAECHTIG,224.3,0.8123,1.0253,0,0.0,0,2465,2.79202440405e-06
2026-10-03 00:00:28,9kMdP2jH6RDqqitzCAqCkuMZVhyWXh2ntjHzSdv1jJiM,B&M,abgelehnt_STORY_ZU_ALT,209.1,1.2653,1.8503,0,2.6,6,6321,3.36438066029e-05
2026-10-03 00:00:28,5gJjJYGu25aQevcpsBgBFvLcCRfSPcvczcxvnqHDpump,bag,abgelehnt_BUNDLE_CHECK_NICHT_MOEGLICH,195.3,0.1899,1.5449,0,-8.2,4,4237,1.61615177171e-05
2026-10-03 00:00:28,PUSAG1stksTcAoK9MjinEHUwAYRJsbovywYCk37m6hy,PUSA,abgelehnt_STORY_ZU_ALT,187.4,0.9947,1.0129,0,-0.9,4,391555,3.17356610473
2026-10-03 00:00:28,6ujCFTQY3mzrtt5wmprFrgfA3nYyPGid3SNvmiiGt7x6,BULLWINKLE,abgelehnt_SCHON_GELAUFEN,178.8,1.3971,1.8861,0,1.6,2,7546,4.08794680526e-05
2026-10-03 00:00:28,Aa2D1LydKNBv4yhPPLYCna3xcFskxpJn5GbUtaqUs5ru,NPC,abgelehnt_LIQUIDITAET_ZU_GERING,173.4,0.1617,2.2638,0,-1.6,0,514,3.19828829563e-06
2026-10-03 00:00:28,5yQYLno5ABBZ2ELVvLXEU323CbHhr2jwR1NKFDh4pump,BOO,abgelehnt_FOMO_SPRUNG,159.4,0.0361,1.6819,0,-18.4,2,1478,5.5514718467e-06
2026-10-03 00:00:28,CXnf9wfCj4mcf1sYihYCWpaq24xmv6qVh4RSV41Tv7Kq,poot,abgelehnt_STORY_ZU_ALT,130.4,0.5154,1.0000,0,-0.7,0,2540,2.90411652949e-06
2026-10-03 00:00:28,B5bKnQXYr2NtkSY7PBVT5LnSx2fLgdrtPWYvjZKJAPAY,PAYPER,abgelehnt_STORY_ZU_ALT,128.7,0.9322,1.3207,0,-2.9,0,17974,4.87225622523e-05
2026-10-03 00:00:28,Bt4npH7BNNGLBohhbcrybbkUn6RUJJzJbvnd4hznnMYJ,RFX,abgelehnt_FOMO_SPRUNG,125.5,0.6752,1.0000,0,3.9,6,9735,4.26979408876e-05
2026-10-03 00:00:28,J6nQhwg8CpKjSpo6X3hMNHbcpYtMA2L41AYB5zzPpump,fimble,abgelehnt_LIQUIDITAET_ZU_GERING,120.4,0.1931,1.3531,0,-13.1,0,958,4.38692130003e-06
2026-10-03 00:00:28,H3vAMRcvEFuNtG9eE3sSMLpqtxhSUMh4kDzC7Ci4UAeC,CHIP,abgelehnt_FOMO_SPRUNG,120.4,0.1626,1.0000,0,-2.9,0,3105,4.34882589374e-06
2026-10-03 00:00:28,EctWxLaSn6gMzchCrpZtazJnQDZTWb8438gXwxZZUJz8,INU,abgelehnt_KEINE_ECHTEN_KAEUFER,118.8,2.6206,5.1084,0,-11.2,8,6306,3.21519885638e-05
2026-10-03 00:00:28,Gt5XyrVSACP9bDbo9QeuhgrqhThbomFkJiZRgCvVpump,Brier,abgelehnt_KEINE_ECHTEN_KAEUFER,118.8,0.7183,1.2255,0,0.0,1,1676,6.7679442592e-06
2026-10-03 00:00:28,EVHcFLmcogEWn82iCDoPebZDawgVFTN31J6MSeChpump,PokeTrade,abgelehnt_FOMO_SPRUNG,115.0,0.2557,1.1522,0,-21.7,0,3684,3.55900056717e-06
2026-10-03 00:00:28,DbRL5KRAun9g4CWs2MVZsitxee61CapEBgx17WzQjpYG,Dan,abgelehnt_STORY_ZU_ALT,111.6,0.8178,1.9043,0,18.2,0,4655,2.14830320238e-05
2026-10-03 00:00:28,8Y6pHi3cMhxhtHuzgGAsWgAJMyw3zaQLeFFf3qvRpump,PRINTR,abgelehnt_VERBREITUNG_STOCKT,111.6,1.6517,1.6517,0,22.8,4,10152,2.69723363464e-05
2026-10-03 00:00:28,F81DvXEAiAVxtzCcLbw1n5MJSdwgzdXc4WPxmh3Kpump,lever,abgelehnt_LIQUIDITAET_ZU_GERING,104.9,0.1325,1.0000,0,-5.4,0,277,2.59445682976e-06
2026-10-03 00:00:28,29REVVLFoM2ERuSTt2p86zsn9q7CxTNuzHPw29dnpump,ARMY,abgelehnt_SCHON_GELAUFEN,98.3,0.0007,1.3080,0,-85.3,0,363,2.61713281461e-06
2026-10-03 00:00:28,Am6SB1xhuwyv6hENfR2uHj2fvKeo87KN8vVw28RcrmEa,Cassie,abgelehnt_STORY_ZU_ALT,88.3,0.8554,1.0719,0,-1.8,3,5825,2.23351815747e-05
2026-10-03 00:00:28,8dBnKHwNYH3hz2fFTJczVwzBTpJFAMtc53k3uA4zpump,FILLED,abgelehnt_STORY_ZU_ALT,73.4,1.4492,1.4791,0,4.3,71,79051,0.000752095784375
2026-10-03 00:00:28,6k1E2jVp6EaZYeurvJrXe4mdBoTjfgUKoLkh8CaWpump,memeyin,abgelehnt_BUNDLE_CHECK_NICHT_MOEGLICH,59.6,0.0054,1.0000,0,-23.5,0,727,3.01284606748e-06
2026-10-03 00:00:28,pitFjojnHMEPfQ8QpBTM1LkXb8BzJdbTLH8tWUViVze,Pitcoin,abgelehnt_KEINE_ECHTEN_KAEUFER,54.1,0.3548,1.0000,0,-26.3,2,2000,7.84387568683e-06
2026-10-03 00:00:28,2bHz7Uq8arFttDotBgGFsVKXxN2n7hM39Cktna69pump,HIM,abgelehnt_SCHON_GELAUFEN,47.5,0.4917,1.2227,0,-0.3,21,6562,3.12946582172e-05
2026-10-03 00:00:28,4YSbtjc7MokpXH3c6v8yEgSNKNKKcwcp4HPEnbcBc6Wi,sHolders,abgelehnt_DEV_VERDAECHTIG,38.9,0.1519,1.0000,0,24.3,16,3739,6.87720664698e-06
2026-10-03 00:00:28,6hTLdzZaaCjmqtn7RtaEMQsCbXT5Pg8q76tRViEGpump,ABU,abgelehnt_BUNDLE_CHECK_NICHT_MOEGLICH,37.3,1.3131,1.3131,0,17.8,71,18518,0.000189357428772
2026-10-03 00:00:28,5FKPLjhNrez3iu2oSKfFjy6kNxRVf2jL1jc8dAwCbu9E,STUPIDINU,abgelehnt_SCHON_GELAUFEN,33.6,1.1954,1.2087,0,-18.5,22,26365,0.00023069060397
2026-10-03 00:00:28,GaCB6rfjUGVKdwF8skWYfRW9QGfgF1CsDMPYhpkBNTTv,Casinu,abgelehnt_STORY_ZU_ALT,30.0,0.7738,1.2750,0,13.5,0,905,5.17619572538e-06
2026-10-03 00:00:28,C2bj2HbEsnv7bSqQe2bQ7uGrf7MHXNN4cSmEVRMQpump,Apu,abgelehnt_STORY_ZU_ALT,13.5,1.1189,1.1470,0,-3.2,9,7984,4.3164726528e-05
2026-10-03 00:00:28,FtCot9E8ynW9cG116aGrHmFGFwwENKzrST5R6SoHpump,MINDS,abgelehnt_FOMO_SPRUNG,10.2,0.4622,1.1999,0,102.8,46,4086,1.79641564425e-05
2026-10-03 00:00:28,fJ5tNJQzyaGbx9oiz2MTdpP6ZRRgcaTM9AesKReCZWC,PONK,abgelehnt_STORY_ZU_ALT,4.6,1.0062,1.0546,0,0.0,5,13692,1.4306828444e-05
