zeit,aktion,symbol,mint,preis_usd,sol,these,verkaufsbedingung,grund,pnl_sol,pnl_pct,notloesung
2026-10-04 00:34:21,KAUF,SPLICE,7bC8ugu1ZJn21MhA4ht483nX8brLNesa8R7XLimpFyhq,0.000605528823565,0.2000,"Story verbreitet sich: Holder +397%/h, 279 Netto-Kaeufer 5m, 31 organisch; Offene Tuer: ohne Sicherheits-, Bundle- und Dev-Pruefung; Dev-Coins 1","Haelfte bei 2x; Rest raus, wenn Holder schrumpfen und Netto-Verkaeufer 2x in Folge, Liquiditaet -30%, -40%, nach 1,5x nicht unter Einstand, nach 2x 30 % vom Hoch (ab 10x 25 %)",,,,
2026-10-04 00:34:24,KAUF,BATTLEPAD,nVwFzcwpKp4xsQdjbgDSPrtprgPg9517M7oWogppump,2.42122992556e-05,0.2000,"Story verbreitet sich: Holder +107%/h, 13 Netto-Kaeufer 5m, 3 organisch; Offene Tuer: ohne Sicherheits-, Bundle- und Dev-Pruefung; Dev-Coins 7","Haelfte bei 2x; Rest raus, wenn Holder schrumpfen und Netto-Verkaeufer 2x in Folge, Liquiditaet -30%, -40%, nach 1,5x nicht unter Einstand, nach 2x 30 % vom Hoch (ab 10x 25 %)",,,,
2026-10-04 00:38:14,KAUF,BRIDGE,CpRkPw9M2iMDUozQFvkEeAjGJWucbLCJw3m3vZqdpump,0.000247464989543,0.2000,"Story verbreitet sich: Holder +34%/h, 115 Netto-Kaeufer 5m, 3 organisch; Offene Tuer: ohne Sicherheits-, Bundle- und Dev-Pruefung; Dev-Coins 1","Haelfte bei 2x; Rest raus, wenn Holder schrumpfen und Netto-Verkaeufer 2x in Folge, Liquiditaet -30%, -40%, nach 1,5x nicht unter Einstand, nach 2x 30 % vom Hoch (ab 10x 25 %)",,,,
2026-10-04 00:40:18,KAUF,DIT,AYLavJzDYKaif3gKVa56u2V7iQpMg8kkQRagLJ4bAote,1.33261095118e-05,0.2000,"Story verbreitet sich: Holder +18%/h, 4 Netto-Kaeufer 5m, 3 organisch; Offene Tuer: ohne Sicherheits-, Bundle- und Dev-Pruefung; Dev-Coins 1","Haelfte bei 2x; Rest raus, wenn Holder schrumpfen und Netto-Verkaeufer 2x in Folge, Liquiditaet -30%, -40%, nach 1,5x nicht unter Einstand, nach 2x 30 % vom Hoch (ab 10x 25 %)",,,,
2026-10-04 00:43:06,VERKAUF,BATTLEPAD,nVwFzcwpKp4xsQdjbgDSPrtprgPg9517M7oWogppump,1.16620464034e-05,0.0934,"Story verbreitet sich: Holder +107%/h, 13 Netto-Kaeufer 5m, 3 organisch; Offene Tuer: ohne Sicherheits-, Bundle- und Dev-Pruefung; Dev-Coins 7","Haelfte bei 2x; Rest raus, wenn Holder schrumpfen und Netto-Verkaeufer 2x in Folge, Liquiditaet -30%, -40%, nach 1,5x nicht unter Einstand, nach 2x 30 % vom Hoch (ab 10x 25 %)",NOTBREMSE (-52%),,,
2026-10-04 00:43:06,ERGEBNIS,BATTLEPAD,nVwFzcwpKp4xsQdjbgDSPrtprgPg9517M7oWogppump,1.16620464034e-05,0.0934,"Story verbreitet sich: Holder +107%/h, 13 Netto-Kaeufer 5m, 3 organisch; Offene Tuer: ohne Sicherheits-, Bundle- und Dev-Pruefung; Dev-Coins 7","Haelfte bei 2x; Rest raus, wenn Holder schrumpfen und Netto-Verkaeufer 2x in Folge, Liquiditaet -30%, -40%, nach 1,5x nicht unter Einstand, nach 2x 30 % vom Hoch (ab 10x 25 %)",NOTBREMSE (-52%),-0.1081,-54.0,
2026-10-04 00:44:05,KAUF,CARNAGE,AVKpeeWaCku3Mni5THbY4bkBnMrPzAEnnQKtP3wPpump,4.97341912068e-05,0.2000,"Story verbreitet sich: Holder +34%/h, 60 Netto-Kaeufer 5m, 3 organisch; Offene Tuer: ohne Sicherheits-, Bundle- und Dev-Pruefung; Dev-Coins 4","Haelfte bei 2x; Rest raus, wenn Holder schrumpfen und Netto-Verkaeufer 2x in Folge, Liquiditaet -30%, -40%, nach 1,5x nicht unter Einstand, nach 2x 30 % vom Hoch (ab 10x 25 %)",,,,
2026-10-04 01:04:51,VERKAUF,BRIDGE,CpRkPw9M2iMDUozQFvkEeAjGJWucbLCJw3m3vZqdpump,0.00014007631496,0.1164,"Story verbreitet sich: Holder +34%/h, 115 Netto-Kaeufer 5m, 3 organisch; Offene Tuer: ohne Sicherheits-, Bundle- und Dev-Pruefung; Dev-Coins 1","Haelfte bei 2x; Rest raus, wenn Holder schrumpfen und Netto-Verkaeufer 2x in Folge, Liquiditaet -30%, -40%, nach 1,5x nicht unter Einstand, nach 2x 30 % vom Hoch (ab 10x 25 %)",NOTBREMSE (-43%),,,
2026-10-04 01:04:51,ERGEBNIS,BRIDGE,CpRkPw9M2iMDUozQFvkEeAjGJWucbLCJw3m3vZqdpump,0.00014007631496,0.1164,"Story verbreitet sich: Holder +34%/h, 115 Netto-Kaeufer 5m, 3 organisch; Offene Tuer: ohne Sicherheits-, Bundle- und Dev-Pruefung; Dev-Coins 1","Haelfte bei 2x; Rest raus, wenn Holder schrumpfen und Netto-Verkaeufer 2x in Folge, Liquiditaet -30%, -40%, nach 1,5x nicht unter Einstand, nach 2x 30 % vom Hoch (ab 10x 25 %)",NOTBREMSE (-43%),-0.0851,-42.6,
2026-10-04 01:07:20,KAUF,LAGOSLIFE,EMZGhHQWyu3GF1NnJSVdKzMVGYmtceiH8QZqFw3Gpump,3.40834656726e-05,0.2000,"Story verbreitet sich: Holder +43000%/h, 30 Netto-Kaeufer 5m, 5 organisch; Offene Tuer: ohne Sicherheits-, Bundle- und Dev-Pruefung; Dev-Coins 1","Haelfte bei 2x; Rest raus, wenn Holder schrumpfen und Netto-Verkaeufer 2x in Folge, Liquiditaet -30%, -40%, nach 1,5x nicht unter Einstand, nach 2x 30 % vom Hoch (ab 10x 25 %)",,,,
2026-10-04 01:09:39,TEILVERKAUF,SPLICE,7bC8ugu1ZJn21MhA4ht483nX8brLNesa8R7XLimpFyhq,0.00134845242847,0.2304,"Story verbreitet sich: Holder +397%/h, 279 Netto-Kaeufer 5m, 31 organisch; Offene Tuer: ohne Sicherheits-, Bundle- und Dev-Pruefung; Dev-Coins 1","Haelfte bei 2x; Rest raus, wenn Holder schrumpfen und Netto-Verkaeufer 2x in Folge, Liquiditaet -30%, -40%, nach 1,5x nicht unter Einstand, nach 2x 30 % vom Hoch (ab 10x 25 %)",HAELFTE_BEI_2X,,,
2026-10-04 01:33:54,VERKAUF,LAGOSLIFE,EMZGhHQWyu3GF1NnJSVdKzMVGYmtceiH8QZqFw3Gpump,2.47500406265e-05,0.1435,"Story verbreitet sich: Holder +43000%/h, 30 Netto-Kaeufer 5m, 5 organisch; Offene Tuer: ohne Sicherheits-, Bundle- und Dev-Pruefung; Dev-Coins 1","Haelfte bei 2x; Rest raus, wenn Holder schrumpfen und Netto-Verkaeufer 2x in Folge, Liquiditaet -30%, -40%, nach 1,5x nicht unter Einstand, nach 2x 30 % vom Hoch (ab 10x 25 %)",LIQUIDITAET_ABGEZOGEN,,,
2026-10-04 01:33:54,ERGEBNIS,LAGOSLIFE,EMZGhHQWyu3GF1NnJSVdKzMVGYmtceiH8QZqFw3Gpump,2.47500406265e-05,0.1435,"Story verbreitet sich: Holder +43000%/h, 30 Netto-Kaeufer 5m, 5 organisch; Offene Tuer: ohne Sicherheits-, Bundle- und Dev-Pruefung; Dev-Coins 1","Haelfte bei 2x; Rest raus, wenn Holder schrumpfen und Netto-Verkaeufer 2x in Folge, Liquiditaet -30%, -40%, nach 1,5x nicht unter Einstand, nach 2x 30 % vom Hoch (ab 10x 25 %)",LIQUIDITAET_ABGEZOGEN,-0.0580,-29.0,
2026-10-04 01:35:35,KAUF,X-D,Fa1As1BjL8EzhwxjNSi1ynt2kVGiYfpkXxbPVw42pump,0.00010701036852,0.2000,"Story verbreitet sich: Holder +602%/h, 72 Netto-Kaeufer 5m, 19 organisch; Offene Tuer: ohne Sicherheits-, Bundle- und Dev-Pruefung; Dev-Coins 1","Haelfte bei 2x; Rest raus, wenn Holder schrumpfen und Netto-Verkaeufer 2x in Folge, Liquiditaet -30%, -40%, nach 1,5x nicht unter Einstand, nach 2x 30 % vom Hoch (ab 10x 25 %)",,,,
2026-10-04 01:37:03,VERKAUF,SPLICE,7bC8ugu1ZJn21MhA4ht483nX8brLNesa8R7XLimpFyhq,0.000990822079512,0.1594,"Story verbreitet sich: Holder +397%/h, 279 Netto-Kaeufer 5m, 31 organisch; Offene Tuer: ohne Sicherheits-, Bundle- und Dev-Pruefung; Dev-Coins 1","Haelfte bei 2x; Rest raus, wenn Holder schrumpfen und Netto-Verkaeufer 2x in Folge, Liquiditaet -30%, -40%, nach 1,5x nicht unter Einstand, nach 2x 30 % vom Hoch (ab 10x 25 %)",STORY_ABGEKUEHLT (30% unter dem Hoch von 2.4x),,,
2026-10-04 01:37:03,ERGEBNIS,SPLICE,7bC8ugu1ZJn21MhA4ht483nX8brLNesa8R7XLimpFyhq,0.000990822079512,0.3898,"Story verbreitet sich: Holder +397%/h, 279 Netto-Kaeufer 5m, 31 organisch; Offene Tuer: ohne Sicherheits-, Bundle- und Dev-Pruefung; Dev-Coins 1","Haelfte bei 2x; Rest raus, wenn Holder schrumpfen und Netto-Verkaeufer 2x in Folge, Liquiditaet -30%, -40%, nach 1,5x nicht unter Einstand, nach 2x 30 % vom Hoch (ab 10x 25 %)",STORY_ABGEKUEHLT (30% unter dem Hoch von 2.4x),+0.1883,+94.1,
2026-10-04 01:37:32,KAUF,Charlie,AZBrTiJatLWBsmoXsDrLseNBCNSm8L3y8orwYVYx37sm,2.45439129071e-05,0.2000,"Story verbreitet sich: Holder +104%/h, 25 Netto-Kaeufer 5m, 3 organisch; Offene Tuer: ohne Sicherheits-, Bundle- und Dev-Pruefung; Dev-Coins 1","Haelfte bei 2x; Rest raus, wenn Holder schrumpfen und Netto-Verkaeufer 2x in Folge, Liquiditaet -30%, -40%, nach 1,5x nicht unter Einstand, nach 2x 30 % vom Hoch (ab 10x 25 %)",,,,
2026-10-04 01:41:58,VERKAUF,X-D,Fa1As1BjL8EzhwxjNSi1ynt2kVGiYfpkXxbPVw42pump,6.35335309904e-05,0.1161,"Story verbreitet sich: Holder +602%/h, 72 Netto-Kaeufer 5m, 19 organisch; Offene Tuer: ohne Sicherheits-, Bundle- und Dev-Pruefung; Dev-Coins 1","Haelfte bei 2x; Rest raus, wenn Holder schrumpfen und Netto-Verkaeufer 2x in Folge, Liquiditaet -30%, -40%, nach 1,5x nicht unter Einstand, nach 2x 30 % vom Hoch (ab 10x 25 %)",NOTBREMSE (-41%),,,
2026-10-04 01:41:58,ERGEBNIS,X-D,Fa1As1BjL8EzhwxjNSi1ynt2kVGiYfpkXxbPVw42pump,6.35335309904e-05,0.1161,"Story verbreitet sich: Holder +602%/h, 72 Netto-Kaeufer 5m, 19 organisch; Offene Tuer: ohne Sicherheits-, Bundle- und Dev-Pruefung; Dev-Coins 1","Haelfte bei 2x; Rest raus, wenn Holder schrumpfen und Netto-Verkaeufer 2x in Folge, Liquiditaet -30%, -40%, nach 1,5x nicht unter Einstand, nach 2x 30 % vom Hoch (ab 10x 25 %)",NOTBREMSE (-41%),-0.0854,-42.7,
2026-10-04 01:43:38,KAUF,SPLICECAT,582qXnuvygV4HNZkktuqx6Uomgt8Kt8AwHDBt8SRS3gZ,5.83918403139e-05,0.2000,"Story verbreitet sich: Holder +75%/h, 41 Netto-Kaeufer 5m, 3 organisch; Offene Tuer: ohne Sicherheits-, Bundle- und Dev-Pruefung; Dev-Coins 7","Haelfte bei 2x; Rest raus, wenn Holder schrumpfen und Netto-Verkaeufer 2x in Folge, Liquiditaet -30%, -40%, nach 1,5x nicht unter Einstand, nach 2x 30 % vom Hoch (ab 10x 25 %)",,,,
2026-10-04 01:50:32,VERKAUF,SPLICECAT,582qXnuvygV4HNZkktuqx6Uomgt8Kt8AwHDBt8SRS3gZ,3.38194623356e-05,0.1139,"Story verbreitet sich: Holder +75%/h, 41 Netto-Kaeufer 5m, 3 organisch; Offene Tuer: ohne Sicherheits-, Bundle- und Dev-Pruefung; Dev-Coins 7","Haelfte bei 2x; Rest raus, wenn Holder schrumpfen und Netto-Verkaeufer 2x in Folge, Liquiditaet -30%, -40%, nach 1,5x nicht unter Einstand, nach 2x 30 % vom Hoch (ab 10x 25 %)",NOTBREMSE (-42%),,,
2026-10-04 01:50:32,ERGEBNIS,SPLICECAT,582qXnuvygV4HNZkktuqx6Uomgt8Kt8AwHDBt8SRS3gZ,3.38194623356e-05,0.1139,"Story verbreitet sich: Holder +75%/h, 41 Netto-Kaeufer 5m, 3 organisch; Offene Tuer: ohne Sicherheits-, Bundle- und Dev-Pruefung; Dev-Coins 7","Haelfte bei 2x; Rest raus, wenn Holder schrumpfen und Netto-Verkaeufer 2x in Folge, Liquiditaet -30%, -40%, nach 1,5x nicht unter Einstand, nach 2x 30 % vom Hoch (ab 10x 25 %)",NOTBREMSE (-42%),-0.0876,-43.8,
2026-10-04 01:51:35,KAUF,CRAWL,BXoHJddsWJLHtAopeiSbKUSELsu8hSFMs8baGMDkpump,0.00255498306329,0.2000,"Story verbreitet sich: Holder +23%/h, 143 Netto-Kaeufer 5m, 31 organisch; Offene Tuer: ohne Sicherheits-, Bundle- und Dev-Pruefung; Dev-Coins 1","Haelfte bei 2x; Rest raus, wenn Holder schrumpfen und Netto-Verkaeufer 2x in Folge, Liquiditaet -30%, -40%, nach 1,5x nicht unter Einstand, nach 2x 30 % vom Hoch (ab 10x 25 %)",,,,
2026-10-04 01:51:51,VERKAUF,Charlie,AZBrTiJatLWBsmoXsDrLseNBCNSm8L3y8orwYVYx37sm,1.40572257759e-05,0.1107,"Story verbreitet sich: Holder +104%/h, 25 Netto-Kaeufer 5m, 3 organisch; Offene Tuer: ohne Sicherheits-, Bundle- und Dev-Pruefung; Dev-Coins 1","Haelfte bei 2x; Rest raus, wenn Holder schrumpfen und Netto-Verkaeufer 2x in Folge, Liquiditaet -30%, -40%, nach 1,5x nicht unter Einstand, nach 2x 30 % vom Hoch (ab 10x 25 %)",NOTBREMSE (-43%),,,
2026-10-04 01:51:51,ERGEBNIS,Charlie,AZBrTiJatLWBsmoXsDrLseNBCNSm8L3y8orwYVYx37sm,1.40572257759e-05,0.1107,"Story verbreitet sich: Holder +104%/h, 25 Netto-Kaeufer 5m, 3 organisch; Offene Tuer: ohne Sicherheits-, Bundle- und Dev-Pruefung; Dev-Coins 1","Haelfte bei 2x; Rest raus, wenn Holder schrumpfen und Netto-Verkaeufer 2x in Folge, Liquiditaet -30%, -40%, nach 1,5x nicht unter Einstand, nach 2x 30 % vom Hoch (ab 10x 25 %)",NOTBREMSE (-43%),-0.0908,-45.4,
2026-10-04 01:53:24,KAUF,Volition,AmKf49y8FfkXuTqTXkfwMqJaTBGEWNNE7UdAHxtwpump,3.68033480315e-05,0.2000,"Story verbreitet sich: Holder +169%/h, 10 Netto-Kaeufer 5m, 4 organisch; Offene Tuer: ohne Sicherheits-, Bundle- und Dev-Pruefung; Dev-Coins 1","Haelfte bei 2x; Rest raus, wenn Holder schrumpfen und Netto-Verkaeufer 2x in Folge, Liquiditaet -30%, -40%, nach 1,5x nicht unter Einstand, nach 2x 30 % vom Hoch (ab 10x 25 %)",,,,
2026-10-04 02:10:33,VERKAUF,Volition,AmKf49y8FfkXuTqTXkfwMqJaTBGEWNNE7UdAHxtwpump,2.00163053943e-05,0.1068,"Story verbreitet sich: Holder +169%/h, 10 Netto-Kaeufer 5m, 4 organisch; Offene Tuer: ohne Sicherheits-, Bundle- und Dev-Pruefung; Dev-Coins 1","Haelfte bei 2x; Rest raus, wenn Holder schrumpfen und Netto-Verkaeufer 2x in Folge, Liquiditaet -30%, -40%, nach 1,5x nicht unter Einstand, nach 2x 30 % vom Hoch (ab 10x 25 %)",NOTBREMSE (-46%),,,
2026-10-04 02:10:33,ERGEBNIS,Volition,AmKf49y8FfkXuTqTXkfwMqJaTBGEWNNE7UdAHxtwpump,2.00163053943e-05,0.1068,"Story verbreitet sich: Holder +169%/h, 10 Netto-Kaeufer 5m, 4 organisch; Offene Tuer: ohne Sicherheits-, Bundle- und Dev-Pruefung; Dev-Coins 1","Haelfte bei 2x; Rest raus, wenn Holder schrumpfen und Netto-Verkaeufer 2x in Folge, Liquiditaet -30%, -40%, nach 1,5x nicht unter Einstand, nach 2x 30 % vom Hoch (ab 10x 25 %)",NOTBREMSE (-46%),-0.0947,-47.3,
2026-10-04 02:12:10,KAUF,CODIE,8crP2tYrWiei7M9ANt6CmpwQP8hJiS81znexiuf21111,0.000164239985152,0.2000,"Story verbreitet sich: Holder +6453%/h, 102 Netto-Kaeufer 5m, 20 organisch; Offene Tuer: ohne Sicherheits-, Bundle- und Dev-Pruefung; Dev-Coins 1","Haelfte bei 2x; Rest raus, wenn Holder schrumpfen und Netto-Verkaeufer 2x in Folge, Liquiditaet -30%, -40%, nach 1,5x nicht unter Einstand, nach 2x 30 % vom Hoch (ab 10x 25 %)",,,,
