zeit,trader,art,symbol,mint,minuten_seit_kauf,preis_sol,vielfaches,wert_sol,liquiditaet,holder,top10_pct,dev_pct,netto_kaeufer_5m,verkaeufe_5m
2026-10-05 00:00:01,Loopierr,offen,GARP,FKPdKiZBYMU2MwHXKjyhgV6ozSh2APzvvr3ZBwFCfSHo,6483.7,2.51575292849e-08,0.0395,0.007905,546,157,7.98,0.00,0,0
2026-10-05 00:00:01,Loopierr,offen,COCKROACH,H4KUxsEgCp2yDpFvyDuGM5k6XevSKKrrKUxZ3Zr6nyJc,3566.7,1.21495653594e-05,0.9956,0.398221,134909,3310,18.02,0.00,2,11
2026-10-05 00:00:01,6ANG,offen,OpenSI,5ptkVdbpaPpEJPPVXE5CpJNCXEmAidyot5TQcDDawMzm,6211.3,7.1194214421e-07,1.7278,1.329238,14360,1298,22.59,0.00,0,1
2026-10-05 00:00:01,6ANG,offen,ANT,BTZK1B3pCoBDD1vy5e4bDBM4bwvvhkKUMTuKABkGWwGp,4272.4,3.01982102535e-07,0.7830,0.469794,8758,80,26.46,0.00,0,0
2026-10-05 00:00:01,6ANG,offen,ANTHROPIG,25DeVAVF86uAd2wcFewp7F1s6gjZei88Mj4xBzg3AP94,4272.2,1.11354380229e-07,0.4567,0.182699,5379,70,31.02,0.00,0,0
2026-10-05 00:00:01,9LXM,offen,SGI,FcZcFjfNPJR9rycZS1FwkiEgQTW7ZWRjdSaBdJ6M9ha6,6066.3,1.08960538102e-07,0.0715,0.028615,5832,379,21.65,0.00,0,0
2026-10-05 00:00:01,HEBO,offen,SGI,FcZcFjfNPJR9rycZS1FwkiEgQTW7ZWRjdSaBdJ6M9ha6,6504.3,1.08960538102e-07,0.0919,0.105447,5832,379,21.65,0.00,0,0
2026-10-05 00:00:01,HEBO,offen,goon,HSUMi4rMgjrx7zRUabw3ogGu1pa5hmF2eVcXj9Apump,6298.3,4.69093477533e-07,0.5744,0.413854,13304,2989,18.35,0.00,1,5
2026-10-05 00:00:01,HEBO,offen,Tico,35ccP7zmf4THJsDn3UtozYcWm1U8nzhyHcTgK3ETpump,6233.1,3.2406651367e-08,0.5419,0.108371,3928,34,7.18,0.00,0,0
2026-10-05 00:00:01,HEBO,offen,SGI,Cb2pMbsRRvaeZoxpRqnTP6k6hLziSUf5pnqW9Jx5T3Wz,3644.7,2.39153652469e-07,0.6339,0.887480,9084,512,25.63,0.00,0,0
2026-10-05 00:00:01,HEBO,offen,ArmyX,F7y94q8QvGKNCrGt6E5pgQ7ABBkQK4QkqEBGs9Y5ZFFk,3620.2,4.55928435869e-08,0.1702,0.136135,3760,83,20.30,0.00,0,0
2026-10-05 00:00:01,HEBO,offen,BLOBBY,6tr6DHikJCo7Fi5bu65LoC7itWZezz6aZny36H8Kh5Q1,3417.2,3.90195120787e-08,0.1097,0.109723,3549,253,22.15,0.00,0,0
2026-10-05 00:00:01,HEBO,offen,BLOBBY,AsoVfPHWY5YHCpc4aMzUcMENVRaC9Rjje94BpkxcW2VE,3373.9,4.69962598603e-08,0.6623,0.132450,1405,144,15.75,0.00,0,0
2026-10-05 00:00:01,HEBO,offen,ZUCKS,2eBJvNnn7guSjX1yuE7seuDY9pveDiHkfoyeBh2WZroS,3354.6,3.58629991984e-08,0.5484,0.078976,3079,63,18.39,0.00,0,0
2026-10-05 00:00:01,HEBO,offen,TRUMPTV,34w4t74EsbJyBBSyYBFyNo65Ft7Ax8BF3HrubL1mwbpL,3259.7,2.03486803149e-08,0.1560,0.031200,2342,105,6.26,0.00,0,0
2026-10-05 00:00:01,HEBO,offen,pill,DvdmEnztCmXwBnAbedD48XVGZJSxq31zNvnyftXdpump,2195.8,1.96252993185e-05,0.9289,1.486205,291030,5568,21.46,0.00,7,3
2026-10-05 00:00:01,HEBO,offen,PUMPCAT,G4vqe8KAcRGTb7Kc55n9sz43aR4ugTPdSeUnAXZhpump,2195.4,4.13729794333e-06,1.9614,0.392272,60277,1195,24.42,0.00,1,1
2026-10-05 00:00:01,HEBO,offen,CUPTOBER,EKgswaMnRSJHmyFZCbxscTAjiR2bH1oLXsftepUGsPtz,2032.4,6.26928894434e-08,0.7621,0.304848,6249,40,16.98,0.00,0,0
2026-10-05 00:00:01,HEBO,offen,Scronkfinkle,DaUFkgZjwJCsM9QDWCsxtZS2omgHS3Fn9GHgTX5wwpcX,770.1,6.11371646371e-08,0.6015,0.360895,1908,127,21.09,0.00,0,2
2026-10-05 00:00:01,HEBO,offen,Eagle,E3pWKtfQk6LLZpRWVTjJwrMY4vFa9umLYDPxWJtZSTNK,746.6,5.28985942819e-08,0.2795,0.253173,4074,126,22.47,0.00,0,0
2026-10-05 00:00:01,HEBO,offen,Inu,83LFceyzRNNRUThm4VzHx4jmVuf6xAggSp2UvhQx52Dy,393.5,6.60047572197e-08,0.3803,0.076051,4305,189,19.58,0.00,1,1
2026-10-05 00:00:01,HEBO,offen,BOBBLOCK,7c9KhnynEhbiGjohGZwTckJdSvLGr8JcudEQgQbepump,272.9,7.19177237444e-08,0.3687,0.073735,5850,22,35.04,22.37,0,0
2026-10-05 00:00:01,HEBO,offen,Caviar,F7ktJWjMtubD8zwv5xMb35g5hPTvGQSDMS8UGcwXpump,125.8,1.16013417342e-07,0.7398,0.295912,3733,92,29.92,0.00,0,0
2026-10-05 00:00:01,HEBO,offen,APU,HoCeDUrd5BqfYmaRk2eiUpzshEvpwfYpgrJ4YKFCpump,120.3,3.69785848393e-07,0.8811,0.176221,10493,284,28.42,0.00,0,0
2026-10-05 00:00:01,HEBO,offen,TIT,3KM7dvpUk2Wm8qdXtZpBJHgic4bAaz1MTDHvUEjKpump,100.4,3.71032896975e-07,0.7579,0.303170,9432,145,26.32,0.00,0,1
2026-10-05 00:00:01,HEBO,offen,MIM,6bJtwhtvzkthAYszQ3ZWkFJzSvbGSkbAz9yPcSiXaGK6,99.8,1.11615537989e-07,0.8826,0.176520,3724,165,28.53,0.00,0,0
2026-10-05 00:00:01,HEBO,offen,Taste,93FWFR63nwQcq5zuXNmTits5BYcKFjmUZzccMvhmpump,99.5,5.63390096386e-08,0.9614,0.192270,6913,7,0.00,0.00,0,0
2026-10-05 00:00:01,HEBO,offen,GPH,H1hFymzkRE7CAdxEuBWYknvsTCgoDXAqPKFU94iPpump,93.8,4.95957868029e-08,0.9386,0.187714,899,71,17.96,0.00,0,0
2026-10-05 00:00:01,Troupe,offen,PUMP,pumpCmXqMfrsAkQ5r49WcJnRayYRqmXz6ae8H7H9Dfn,4422.9,5.36890798172e-05,1.1074,0.010013,45002825,300890,59.29,0.00,170,733
2026-10-05 00:00:01,Troupe,offen,homo,42AtRP5d3ySBj9iveMYeD23kkmN3HEZFwUzs1YKvkPA9,2770.3,2.18825973529e-08,0.0589,0.010316,298,153,4.19,0.00,0,0
2026-10-05 00:00:01,Troupe,offen,PUMPE,9fJAWKQpkY93hfuZxrHfh5wEh2AV9vjkWNQfzfbziHd2,2643.5,1.31912963379e-05,0.2642,0.158520,83833,2447,18.16,0.80,6,5
2026-10-05 00:00:01,Troupe,offen,HOLD,6REnZgtxhwdSAHczAp4J5PRsGQYQt7T3x4kEDyfs9U7y,2600.6,3.201074342e-08,0.0184,0.003686,950,499,13.34,0.00,0,0
2026-10-05 00:00:01,Troupe,offen,LOT,Lot1LUgNbsEvUeteU4onXQvHYRXzqJMCvHGWvvnY1nh,2596.9,8.10344708222e-07,2.0309,0.406180,14323,288,22.59,0.00,0,0
2026-10-05 00:00:01,8K1B,offen,Plumber,GCa9TZMK9Q3VUSkhZgX76YAQBjqQd1dPxkBnZojFpump,4512.1,3.461115472e-07,0.7997,0.159945,16352,4420,27.80,0.00,0,0
2026-10-05 00:00:01,4DOV,offen,BOT,Aaan4fxwhKtUUPg2GSKq6natLV9oj9QQNf5xT4UE2gXr,4069.9,3.3980875462e-08,0.0399,0.007978,1027,345,16.84,0.00,0,0
2026-10-05 00:00:01,4DOV,offen,PUDU,8HQgEcbhR5Xoh735zvndAocCLd7wdAYJfWHV55J8pump,2620.9,3.17860693202e-08,0.0151,0.006031,949,460,13.18,0.00,0,0
2026-10-05 00:00:01,4DOV,offen,Agency,7VertkgF9KLhxxJXHX6uaWuoYZTP9LdGj2bWmVXVpump,1893.0,0.000105205911915,1.2963,2.333357,1240006,12496,24.18,0.00,33,111
2026-10-05 00:00:01,4DOV,offen,Aiden,9dSMwFfPezQ8WPcW1uZV7ns4rcviEj2LssSAg75WBLXd,1181.8,2.65185844067e-06,0.1885,0.084827,39509,4102,18.83,0.00,3,9
2026-10-05 00:00:01,4DOV,offen,CRAWL,BXoHJddsWJLHtAopeiSbKUSELsu8hSFMs8baGMDkpump,679.5,2.21520686609e-05,0.5955,0.833681,324079,7400,12.99,0.00,10,55
2026-10-05 00:00:01,4DOV,offen,Ash,F5WvFdG9sCfhv3bVYAMJNWiwpx5e3X2uvpXDtLtdsDJs,472.3,7.5117130682e-06,1.0599,1.073141,102188,3630,26.99,0.00,27,146
2026-10-05 00:00:01,4DOV,offen,SPLICE,7bC8ugu1ZJn21MhA4ht483nX8brLNesa8R7XLimpFyhq,425.3,5.98433979513e-06,0.3783,0.227003,91720,3856,14.61,0.00,16,53
2026-10-05 00:00:01,4DOV,offen,Ash,4jxyespUyvDxg1cN1NMCWErHGGyPrBdEzPiDobLBmttL,107.6,4.54903538946e-08,0.1137,0.022731,1326,30,11.88,0.00,0,0
2026-10-05 00:00:01,Cooker,offen,SI,DEW9dSN6QpWyNthphCpMmAbZP1Q4cEKR9xQXAri98WDP,4594.8,0.000314814988944,0.9276,0.556530,2467763,59809,12.47,0.00,42,110
2026-10-05 00:00:01,Cooker,offen,HOOKED,C1mBfBoDkwWfd6uTFZp62ARHLjeVp3bDpCDMfMZtPngE,3141.1,7.98613424244e-05,0.7311,3.362837,904233,11093,21.85,0.00,6,20
2026-10-05 00:00:01,Cooker,offen,SPYx,XsoCS1TfEyfFhfvj8EtZ528L3CaKBDBRqRapnBbDF2W,2714.2,6.34049936681,0.9744,0.002102,4822088,78487,67.13,3.00,5,43
2026-10-05 00:00:01,Gake,offen,CURVE,7ioeSgzfSKHMnpgfPpgRFsekMBGiu9oi6t6GeqYtNbbh,5283.7,2.41635260539e-06,0.6984,0.139681,137949,1207,16.81,0.01,0,2
2026-10-05 00:00:01,Gake,offen,SDOG,yFcTuQJCMsd1Asya15GZ7h4KGdxsujRLcUiTWWXpump,5097.0,8.03359719503e-07,0.1076,0.021529,16656,1702,19.98,0.00,0,10
2026-10-05 00:00:01,Gake,offen,OP,5PiBn5JdjJDnRGziiSfsu2affgBR3DyTTCR3CHpcode,5034.4,4.48891560022e-06,1.2362,0.247240,46878,1640,19.69,0.00,0,1
2026-10-05 00:00:01,Gake,offen,PURPS,purpFPo5voy6fEu8jxSCwVdMs1zyYEYAH6FBQvTYCZK,2752.2,3.83650157065e-06,1.3459,0.269187,42025,2312,33.67,0.00,0,2
2026-10-05 00:00:01,Pikalosi,offen,Miu,7LNFZcNigZay5U9e2sq6n2Z4iM8BC2Dd53L14pwvpump,3258.7,4.06319052496e-07,0.9735,0.194703,14261,804,20.86,0.00,0,0
2026-10-05 00:00:01,Dior,offen,OTC,MukLDtJ8Cx9DxLbeyLRSWPSposTMWuwHANbuaudpump,3584.5,6.13499943683e-05,0.9310,2.135821,430173,18667,23.54,0.00,4,44
2026-10-05 00:00:01,Dior,offen,TripleT,J8PSdNP3QewKq2Z1JJJFDMaqF7KcaiJhR7gbr5KZpump,2712.7,6.90097762328e-05,1.1137,0.445484,432617,22852,18.89,0.00,2,3
2026-10-05 00:00:01,Dior,offen,Kirkslop,8m5hzX9hprtWwPuVZL4daCZfggWYKc6fhSJDDpiqpump,2392.0,6.52728568013e-07,0.8439,0.168785,15506,399,27.74,0.00,0,0
2026-10-05 00:00:01,Dior,offen,DIT,BgNZw6VxzYoS6AHjhpv2S54wGUv5MWeANPkoU2KPTM1G,287.3,5.88842230389e-07,0.2725,0.054499,11339,952,22.06,0.00,6,13
2026-10-05 00:00:01,3zsr,offen,Sapijiju,8Fs2YLsayR4awLB79nMM3QCpG3pqvcAGP7hHb8fX4L2G,3083.6,1.07308224664e-07,1.0013,0.200257,3859,364,26.23,0.00,0,2
2026-10-05 00:00:01,C7bF,offen,Pillheads,CQ6hoX3mbM7yHwHeGYSdLutQYVrrPaRAWEgY6GeAmMKH,69.1,5.73846166065e-08,1.1767,0.235331,6363,13,16.03,0.00,0,0
2026-10-05 00:00:01,Eshi,offen,CASPER,WhcjUqCouJcvkSJdE9fw8B6TY4K6sMLYfYp9b1Epump,929.1,5.65861356632e-08,0.9577,0.191535,1781,134,28.15,0.00,0,0
2026-10-05 00:00:01,77n6,offen,swordcat,5KdMFVsopJfFgHrPFsni5gLpbgZXNAc63nKf5ion6zeH,1835.1,5.07760128541e-08,0.1649,0.032974,1551,96,25.54,3.08,0,0
2026-10-05 00:00:01,G7b2,offen,si.gov,7CTRbkV1tVuq1f59pRxT1Pb2W5AHG4gM9FMH4rGzKiXv,885.0,2.6157108966e-06,1.0005,1.000496,31162,2440,13.11,0.00,2,5
2026-10-05 00:00:01,G7b2,offen,.si,8RfgokotF4CW3BAAd6Pzy4ap9AHiZq236C63oB8J7nre,761.8,7.6000942473e-07,3.4825,0.696507,14366,440,24.08,0.00,2,0
2026-10-05 00:00:01,GeFg,offen,Percy,9ey7zGjpgQ9a4R5YxdEnv6y99xWeNFUNRow48dyfpump,1268.3,2.47385793456e-08,0.1640,0.032795,2615,86,10.60,0.00,0,0
2026-10-05 00:00:01,GeFg,offen,Yugi,Eo7hAPND5wNHwqEEFp1qZ9cfDVsjtBkQi1hn782jd1bV,389.5,1.50845005503e-07,0.5454,0.109083,4162,261,28.94,0.00,4,0
2026-10-05 00:00:01,499R,offen,PUMPE,9fJAWKQpkY93hfuZxrHfh5wEh2AV9vjkWNQfzfbziHd2,1095.7,1.31912963379e-05,0.8500,2.379945,83833,2447,18.16,0.80,6,5
2026-10-05 00:00:01,2Nxj,offen,BURNER,HouYLe8wvj3Hp3Ayko242vi8xDYHpV9pqrNcQkZ9KRYV,97.8,1.68514996143e-07,0.6736,0.287351,5264,69,32.41,0.05,0,0
2026-10-05 00:00:01,Loopierr,schatten,CatCollector,5AgD5tmarU5kgbqHqCgDEMcAHAQAm8muV67xkKs9urps,3711.0,3.00596892097e-08,0.0893,0.017863,161,40,4.04,0.00,0,0
2026-10-05 00:00:01,Loopierr,schatten,SGI,36yTNhb9rfogt4mWxFiTnBeeT9bNXrVdKymAJ3jbvTzM,3560.1,2.89288529503e-08,0.1812,0.036244,3665,8,1.54,0.00,0,0
2026-10-05 00:00:01,6ANG,schatten,ANTHROPIG,25DeVAVF86uAd2wcFewp7F1s6gjZei88Mj4xBzg3AP94,4272.2,1.11354380229e-07,0.4541,0.090821,5379,70,31.02,0.00,0,0
2026-10-05 00:00:01,HEBO,schatten,SI,4qCW74oX82oTeypDzFYYYZ6eJ6yPQVFeX196YpHszJFY,393.3,4.79015216565e-08,0.9502,0.190033,3678,92,23.77,0.00,0,0
2026-10-05 00:00:01,HEBO,schatten,BOBBLOCK,7c9KhnynEhbiGjohGZwTckJdSvLGr8JcudEQgQbepump,273.0,7.19177237444e-08,0.4516,0.090323,5850,22,35.04,22.37,0,0
2026-10-05 00:00:01,HEBO,schatten,INCOME,E7mRvAbgZdA6dF7cgXZevkbjd9Yfy5q11XEFnWZfpump,122.0,5.78733008128e-08,0.9243,0.184851,2333,1275,13.27,0.00,0,0
2026-10-05 00:00:01,Cooker,schatten,X7,CdhZy8wrRxNxoV8HtoByXKN7mvS46avtuZ1b39tKfx7,4374.0,1.54607641597e-06,0.1527,0.030548,41188,1728,20.17,0.00,5,21
2026-10-05 00:00:01,Cooker,schatten,9e9,HZ4qZQJ7yf6WR1D24GLRLJ3cKUfgtJEF3B7SdLMLvCPZ,3104.6,3.86498307831e-08,0.0449,0.017966,1336,295,18.24,0.00,0,0
2026-10-05 00:00:01,Gake,schatten,MINEPAD,2EUKLvNQ63YCmjSDyJ14Tzj7ASeHGXgseYWrKAa2mine,5253.6,1.39410610394e-06,0.8220,0.139735,24388,919,21.77,0.00,1,1
2026-10-05 00:00:01,Gake,schatten,TERRA,JD3d8mxEJ91LHZSuwVLquFAKdo5PbEeLCUevjjDsPdRe,3971.1,2.02903732963e-07,0.1492,0.029837,5391,147,30.24,0.00,0,2
2026-10-05 00:00:01,Gake,schatten,SHITCOIN,4BxBot4K36N3ZZkpB9sqEocy5iBi8cUttK6s8YbHH9Jo,2463.3,1.19406188858e-07,0.1269,0.025384,3601,146,34.76,0.00,0,0
2026-10-05 00:00:01,Gake,schatten,FROGE,6R1F4sNySF4NKGdhW3UhESWuYYRu4Cehk5rn3mGP375R,2452.5,7.66990388125e-08,0.0723,0.014452,2709,407,19.97,0.00,0,0
2026-10-05 00:00:01,Dior,schatten,GG,6rXCb1aK833n9Xy5Y6VPXpScNAuzQzu3jvSUs6cN2RGy,620.7,7.47005708217e-07,1.1884,0.237687,14575,717,22.58,0.00,3,3
2026-10-05 00:00:01,C7bF,schatten,Medkit,DedYLXwekN5LCdeHRNxeWhkpjCD2XWGpP16crvZSpump,2758.9,4.91249472e-08,1.2727,0.254536,4820,24,23.21,0.00,0,0
2026-10-05 00:00:01,koko,schatten,MAJOR,7AUzu756Pp3Cg3NByuKfcRSAFFt31kjC6U6R1npkiA1Q,1623.1,2.24766594947e-07,4.9205,0.984101,5736,195,30.51,0.00,10,25
2026-10-05 00:00:01,77n6,schatten,swordcat,5KdMFVsopJfFgHrPFsni5gLpbgZXNAc63nKf5ion6zeH,1858.7,5.07760128541e-08,0.1001,0.020029,1551,96,25.54,3.08,0,0
2026-10-05 00:00:01,77n6,schatten,CHINESE,8hSVNdq8As3etg9H74ZZmyVq8K94xXhTaQ8hrj2qap8K,1029.2,7.05687347134e-08,0.1427,0.028538,2199,119,26.23,0.00,0,2
2026-10-05 00:00:01,77n6,schatten,MOE,L8nRPCzg1Tntw5RCMECXyJSBpLiCz6yKdZmxAjzpump,1018.9,1.89614191899e-07,0.6026,0.120514,4891,183,21.88,0.00,1,0
2026-10-05 00:00:01,77n6,schatten,kirk,GUjBShfwfK5itj1XUucrmEEgNpyQwMzcizCCmPdvwYbF,997.4,6.81687426978e-08,0.2648,0.052962,2092,60,29.69,0.00,0,0
2026-10-05 00:00:01,G7b2,schatten,.si,8RfgokotF4CW3BAAd6Pzy4ap9AHiZq236C63oB8J7nre,761.7,7.6000942473e-07,2.3504,0.940163,14366,440,24.08,0.00,2,0
