zeit,konto,mint,symbol,minuten_seit_kauf,vielfaches,liquiditaet,holder,top10_pct,dev_pct,netto_kaeufer_5m,kaeufe_5m,verkaeufe_5m,kaufvol_5m,verkaufvol_5m,block0_gehalten_pct,block0_ausgestiegen,block0_wallets
2026-10-05 00:00:14,kontrollgruppe,Finj8MnAmLC8ZmPGmkMBjDQV8YUEGyKWyosprUNYXn6i,Fartquaad,9.3,0.7567,7916,99,26.26,0.00,1,4,14,55,1098,,,
2026-10-05 00:00:50,hauptstrategie,DXyJSNZeL3ck9rM34mK5umG1hPG3R5XBGPwKN2wTd866,Magikarp,15.6,0.5835,8667,208,22.07,0.23,30,75,86,3996,5464,0.228,3,3
2026-10-05 00:00:52,heisse_coins,59dv3aw6NMNKTXskt5BNqZUWnDTs2MkX2KYobBsgpump,AGENTCAST,2.4,0.6848,8198,619,23.14,0.04,38,144,109,8357,11585,,,
2026-10-05 00:00:52,heisse_coins,7mv1ijAoQFf8YVCiit55NamECzYoRaGT2kuHSH6gpump,JOEkin,0.3,0.9928,66355,1877,15.21,0.20,435,1300,1212,475306,469913,,,
2026-10-05 00:00:53,kontrollgruppe,H7wJ1wbbdu4ZCom6yegVaJxWBvdjLQ3NaNZbJsb8vAni,QUOTA,101.6,1.3030,12891,1420,23.47,0.00,2,7,9,139,44,,,
2026-10-05 00:00:54,offene_tuer,Finj8MnAmLC8ZmPGmkMBjDQV8YUEGyKWyosprUNYXn6i,Fartquaad,29.9,0.7606,7462,98,26.26,0.00,2,5,17,55,1551,,,
2026-10-05 00:00:54,offene_tuer,DXyJSNZeL3ck9rM34mK5umG1hPG3R5XBGPwKN2wTd866,Magikarp,15.7,0.5802,8667,208,22.07,0.23,30,75,86,3996,5464,,,
2026-10-05 00:00:56,offene_tuer,EvwGJQ3Xp3h8hgHrSwAhBgSy7QAAzh7XSeah5gjBpump,bracket,12.0,0.9363,6663,171,25.34,0.04,5,22,18,161,438,,,
2026-10-05 00:00:56,offene_tuer,59dv3aw6NMNKTXskt5BNqZUWnDTs2MkX2KYobBsgpump,AGENTCAST,2.7,0.6939,8198,619,23.14,0.04,38,144,109,8357,11585,,,
2026-10-05 00:00:56,drittel_leiter,DXyJSNZeL3ck9rM34mK5umG1hPG3R5XBGPwKN2wTd866,Magikarp,15.5,0.5835,8667,208,22.07,0.23,30,75,86,3996,5464,0.228,3,3
2026-10-05 00:01:15,kontrollgruppe,Finj8MnAmLC8ZmPGmkMBjDQV8YUEGyKWyosprUNYXn6i,Fartquaad,10.3,0.5494,6741,90,25.29,0.00,2,5,25,55,2272,,,
2026-10-05 00:02:06,heisse_coins,59dv3aw6NMNKTXskt5BNqZUWnDTs2MkX2KYobBsgpump,AGENTCAST,3.7,0.7043,7804,604,23.14,0.04,45,143,129,8086,10542,,,
2026-10-05 00:02:06,heisse_coins,7mv1ijAoQFf8YVCiit55NamECzYoRaGT2kuHSH6gpump,JOEkin,1.5,0.9401,62766,1936,15.21,0.20,474,1263,1133,429507,426887,,,
2026-10-05 00:02:07,kontrollgruppe,H7wJ1wbbdu4ZCom6yegVaJxWBvdjLQ3NaNZbJsb8vAni,QUOTA,102.9,1.2692,12729,1418,23.47,0.00,3,9,19,139,213,,,
2026-10-05 00:02:08,offene_tuer,Finj8MnAmLC8ZmPGmkMBjDQV8YUEGyKWyosprUNYXn6i,Fartquaad,31.1,0.7016,7018,92,23.91,0.00,6,9,27,363,2319,,,
2026-10-05 00:02:08,offene_tuer,EvwGJQ3Xp3h8hgHrSwAhBgSy7QAAzh7XSeah5gjBpump,bracket,13.2,0.6905,5463,162,25.40,0.04,8,32,32,438,2039,,,
2026-10-05 00:02:08,offene_tuer,59dv3aw6NMNKTXskt5BNqZUWnDTs2MkX2KYobBsgpump,AGENTCAST,3.9,0.7137,7804,604,23.14,0.04,45,143,129,8086,10542,,,
2026-10-05 00:02:48,offene_tuer,7mv1ijAoQFf8YVCiit55NamECzYoRaGT2kuHSH6gpump,JOEkin,0.2,1.0297,60932,1948,15.21,0.20,500,1152,1011,452596,453507,,,
2026-10-05 00:03:16,heisse_coins,59dv3aw6NMNKTXskt5BNqZUWnDTs2MkX2KYobBsgpump,AGENTCAST,4.9,0.7964,8620,608,23.14,0.04,46,168,161,9102,10090,,,
2026-10-05 00:03:16,heisse_coins,7mv1ijAoQFf8YVCiit55NamECzYoRaGT2kuHSH6gpump,JOEkin,2.7,0.7708,56934,1965,15.21,0.20,499,1290,1123,440616,447090,,,
2026-10-05 00:03:16,kontrollgruppe,H7wJ1wbbdu4ZCom6yegVaJxWBvdjLQ3NaNZbJsb8vAni,QUOTA,104.1,1.1278,12490,1413,23.47,0.00,2,9,25,129,817,,,
2026-10-05 00:03:17,offene_tuer,Finj8MnAmLC8ZmPGmkMBjDQV8YUEGyKWyosprUNYXn6i,Fartquaad,32.4,0.6392,6653,89,23.91,0.00,5,10,21,377,1628,,,
2026-10-05 00:03:17,offene_tuer,EvwGJQ3Xp3h8hgHrSwAhBgSy7QAAzh7XSeah5gjBpump,bracket,14.4,0.7499,5745,164,25.40,0.04,9,37,32,754,1939,,,
2026-10-05 00:03:17,offene_tuer,59dv3aw6NMNKTXskt5BNqZUWnDTs2MkX2KYobBsgpump,AGENTCAST,5.1,0.8071,8620,608,23.14,0.04,46,168,161,9102,10090,,,
2026-10-05 00:03:53,offene_tuer,7mv1ijAoQFf8YVCiit55NamECzYoRaGT2kuHSH6gpump,JOEkin,1.3,0.8599,57669,1949,15.21,0.20,477,1148,1044,437612,442383,,,
2026-10-05 00:04:27,heisse_coins,59dv3aw6NMNKTXskt5BNqZUWnDTs2MkX2KYobBsgpump,AGENTCAST,6.1,0.6829,7579,605,23.14,0.04,46,180,173,9596,11367,,,
2026-10-05 00:04:27,heisse_coins,7mv1ijAoQFf8YVCiit55NamECzYoRaGT2kuHSH6gpump,JOEkin,3.9,0.7805,56681,1936,15.21,0.20,407,1287,1183,443783,451042,,,
2026-10-05 00:04:28,kontrollgruppe,H7wJ1wbbdu4ZCom6yegVaJxWBvdjLQ3NaNZbJsb8vAni,QUOTA,105.3,1.1462,12086,1411,23.47,0.00,2,7,28,80,817,,,
2026-10-05 00:04:29,offene_tuer,Finj8MnAmLC8ZmPGmkMBjDQV8YUEGyKWyosprUNYXn6i,Fartquaad,33.5,0.6453,6677,90,23.91,0.00,6,11,20,435,1667,,,
2026-10-05 00:04:29,offene_tuer,EvwGJQ3Xp3h8hgHrSwAhBgSy7QAAzh7XSeah5gjBpump,bracket,15.6,0.7724,5858,166,25.51,0.04,14,35,27,806,1701,,,
2026-10-05 00:04:29,offene_tuer,59dv3aw6NMNKTXskt5BNqZUWnDTs2MkX2KYobBsgpump,AGENTCAST,6.3,0.6920,7579,605,23.14,0.04,46,180,173,9596,11367,,,
2026-10-05 00:05:07,offene_tuer,7mv1ijAoQFf8YVCiit55NamECzYoRaGT2kuHSH6gpump,JOEkin,2.5,0.9161,56131,1909,15.21,0.20,357,1085,1041,383030,389494,,,
2026-10-05 00:05:38,heisse_coins,59dv3aw6NMNKTXskt5BNqZUWnDTs2MkX2KYobBsgpump,AGENTCAST,7.2,0.8457,8645,610,23.14,0.04,45,174,132,10818,10714,,,
2026-10-05 00:05:38,heisse_coins,7mv1ijAoQFf8YVCiit55NamECzYoRaGT2kuHSH6gpump,JOEkin,5.0,0.9249,55502,1913,15.21,0.20,381,1009,981,395125,396091,,,
2026-10-05 00:05:39,kontrollgruppe,H7wJ1wbbdu4ZCom6yegVaJxWBvdjLQ3NaNZbJsb8vAni,QUOTA,106.4,1.1412,12079,1409,23.47,0.00,1,5,30,4,853,,,
2026-10-05 00:05:40,offene_tuer,EvwGJQ3Xp3h8hgHrSwAhBgSy7QAAzh7XSeah5gjBpump,bracket,16.7,0.7594,5837,165,25.51,0.04,14,35,27,792,1746,,,
2026-10-05 00:05:40,offene_tuer,59dv3aw6NMNKTXskt5BNqZUWnDTs2MkX2KYobBsgpump,AGENTCAST,7.4,0.8570,8645,610,23.14,0.04,45,174,132,10818,10714,,,
2026-10-05 00:06:14,offene_tuer,7mv1ijAoQFf8YVCiit55NamECzYoRaGT2kuHSH6gpump,JOEkin,3.7,1.0123,58694,1896,15.21,0.20,389,1110,1101,404255,403695,,,
